Metric,Hits@1,Hits@3,Hits@10,Hits@20,Hits@50,Hits@100,MRR,mrr_hit1,mrr_hit3,mrr_hit10,mrr_hit20,mrr_hit50,mrr_hit100,AUC,AP,ACC,out_channels,hidden_channels,heads,negative_slope,dropout,num_layers,base_lr,score_num_layers_predictor,score_gin_mlp_layer,score_hidden_channels,score_out_channels,score_num_layers,score_dropout,product,epochs,train_time,test_time,params
cora_runjwtlb5my_GAT_hyper4n1agc6r,5.5,16.49,33.33,56.27,81.64,97.38,15.32,5.5,16.49,33.33,56.27,81.64,97.38,83.89,90.0,75.66,16,16,4,0.1,0,3,0.015,1,2,64,1,1,0.1,inner,100,12.473889112472534,12.53665280342102,23584
cora_runjwtlb5my_GAT_hyperve1r7u5b,5.5,16.49,33.33,56.27,81.64,97.38,15.32,5.5,16.49,33.33,56.27,81.64,97.38,85.57,87.23,78.62,16,16,4,0.1,0,3,0.015,1,2,64,1,1,0.1,inner,100,16.45625591278076,16.528218984603882,23584
cora_runjwtlb5my_GAT_hyperbkxudhsb,5.5,16.49,33.33,56.27,81.64,97.38,15.32,5.5,16.49,33.33,56.27,81.64,97.38,85.57,87.23,78.62,16,16,4,0.1,0,3,0.015,1,2,64,1,1,0.1,inner,100,18.274751663208008,18.32674598693848,23584
cora_runjwtlb5my_GAT_hyperpijjrqgm,5.5,16.49,33.33,56.27,81.64,97.38,15.32,5.5,16.49,33.33,56.27,81.64,97.38,85.57,87.23,78.62,16,16,4,0.1,0,3,0.015,1,2,64,1,1,0.1,inner,100,17.90994668006897,17.999320030212402,23584
cora_runjwtlb5my_GAT_hyperylykjh6c,5.5,16.49,33.33,56.27,81.64,97.38,15.32,5.5,16.49,33.33,56.27,81.64,97.38,85.57,87.23,78.62,16,16,4,0.1,0,3,0.015,1,2,64,1,1,0.1,inner,100,16.80395817756653,16.89360284805298,23584
cora_runjwtlb5my_GAT_hyperlpnjf4nt,5.5,16.49,33.33,56.27,81.64,97.38,15.32,5.5,16.49,33.33,56.27,81.64,97.38,85.57,87.23,78.62,16,16,4,0.1,0,3,0.015,1,2,64,1,1,0.1,inner,100,18.098732948303223,18.202804565429688,23584
cora_runjwtlb5my_GAT_hyperu2sb8s52,5.5,16.49,33.33,56.27,81.64,97.38,15.32,5.5,16.49,33.33,56.27,81.64,97.38,85.57,87.23,78.62,16,16,4,0.1,0,3,0.015,1,2,64,1,1,0.1,inner,100,19.03489255905152,19.074766874313354,23584
cora_runjwtlb5my_GAT_hyperjwj6tf8v,5.5,16.49,33.33,56.27,81.64,97.38,15.32,5.5,16.49,33.33,56.27,81.64,97.38,85.57,87.23,78.62,16,16,4,0.1,0,3,0.015,1,2,64,1,1,0.1,inner,100,21.051246643066406,21.10957312583924,23584
cora_runjwtlb5my_GAT_hyper8sqe04q0,5.5,16.49,33.33,56.27,81.64,97.38,15.32,5.5,16.49,33.33,56.27,81.64,97.38,85.57,87.23,78.62,16,16,4,0.1,0,3,0.015,1,2,64,1,1,0.1,inner,100,19.034679174423218,19.094124794006348,23584
cora_runjwtlb5my_GAT_hyper2q4ijtj0,5.5,16.49,33.33,56.27,81.64,97.38,15.32,5.5,16.49,33.33,56.27,81.64,97.38,85.57,87.23,78.62,16,16,4,0.1,0,3,0.015,1,2,64,1,1,0.1,inner,100,19.836451292037964,19.872402906417847,23584
cora_runjwtlb5my_GAT_hyperqjbzxpo3,5.5,16.49,33.33,56.27,81.64,97.38,15.32,5.5,16.49,33.33,56.27,81.64,97.38,85.57,87.23,78.62,16,16,4,0.1,0,3,0.015,1,2,64,1,1,0.1,inner,100,20.8466112613678,20.9370665550232,23584
cora_runjwtlb5my_GAT_hyperzfrg3tqs,5.5,16.49,33.33,56.27,81.64,97.38,15.32,5.5,16.49,33.33,56.27,81.64,97.38,85.57,87.23,78.62,16,16,4,0.1,0,3,0.015,1,2,64,1,1,0.1,inner,100,22.41406774520874,22.48734474182129,23584
cora_runjwtlb5my_GAT_hyper8ztme7xp,5.5,16.49,33.33,56.27,81.64,97.38,15.32,5.5,16.49,33.33,56.27,81.64,97.38,85.57,87.23,78.62,16,16,4,0.1,0,3,0.015,1,2,64,1,1,0.1,inner,100,18.828582525253296,18.89008474349976,23584
cora_runjwtlb5my_GAT_hyperr9hfpwpx,5.5,16.49,33.33,56.27,81.64,97.38,15.32,5.5,16.49,33.33,56.27,81.64,97.38,85.57,87.23,78.62,16,16,4,0.1,0,3,0.015,1,2,64,1,1,0.1,inner,100,20.51440525054932,20.60655903816223,23584
cora_runjwtlb5my_GAT_hyperlayc4ck8,5.5,16.49,33.33,56.27,81.64,97.38,15.32,5.5,16.49,33.33,56.27,81.64,97.38,85.57,87.23,78.62,16,16,4,0.1,0,3,0.015,1,2,64,1,1,0.1,inner,100,21.34096574783325,21.4459810256958,23584
cora_runjwtlb5my_GAT_hyperlb0jkq2f,5.5,16.49,33.33,56.27,81.64,97.38,15.32,5.5,16.49,33.33,56.27,81.64,97.38,85.57,87.23,78.62,16,16,4,0.1,0,3,0.015,1,2,64,1,1,0.1,inner,100,22.01384258270264,22.127878427505493,23584
cora_runjwtlb5my_GAT_hyperp4ox1quu,5.5,16.49,33.33,56.27,81.64,97.38,15.32,5.5,16.49,33.33,56.27,81.64,97.38,85.57,87.23,78.62,16,16,4,0.1,0,3,0.015,1,2,64,1,1,0.1,inner,100,18.992143630981445,19.075640439987183,23584
cora_runjwtlb5my_GAT_hyperwmquax8i,5.5,16.49,33.33,56.27,81.64,97.38,15.32,5.5,16.49,33.33,56.27,81.64,97.38,85.57,87.23,78.62,16,16,4,0.1,0,3,0.015,1,2,64,1,1,0.1,inner,100,18.141753435134888,18.21113014221192,23584
cora_runjwtlb5my_GAT_hyper8rfav0e1,5.5,16.49,33.33,56.27,81.64,97.38,15.32,5.5,16.49,33.33,56.27,81.64,97.38,85.57,87.23,78.62,16,16,4,0.1,0,3,0.015,1,2,64,1,1,0.1,inner,100,22.824702501297,22.90904402732849,23584
cora_runjwtlb5my_GAT_hyperezip81e7,5.5,16.49,33.33,56.27,81.64,97.38,15.32,5.5,16.49,33.33,56.27,81.64,97.38,85.57,87.23,78.62,16,16,4,0.1,0,3,0.015,1,2,64,1,1,0.1,inner,100,21.101648569107056,21.159379720687863,23584
cora_runjwtlb5my_GAT_hyperxhjroq69,5.5,16.49,33.33,56.27,81.64,97.38,15.32,5.5,16.49,33.33,56.27,81.64,97.38,85.57,87.23,78.62,16,16,4,0.1,0,3,0.015,1,2,64,1,1,0.1,inner,100,4.244021892547607,4.285028696060181,23584
cora_runjwtlb5my_GAT_hyperh3vlcgvd,5.5,16.49,33.33,56.27,81.64,97.38,15.32,5.5,16.49,33.33,56.27,81.64,97.38,85.57,87.23,78.62,16,16,4,0.1,0,3,0.015,1,2,64,1,1,0.1,inner,100,8.285503625869751,8.352092742919922,23584
cora_runjwtlb5my_GAT_hyperw6jhumb8,5.5,16.49,33.33,56.27,81.64,97.38,15.32,5.5,16.49,33.33,56.27,81.64,97.38,85.57,87.23,78.62,16,16,4,0.1,0,3,0.015,1,2,64,1,1,0.1,inner,100,9.104334354400637,9.193828105926514,23584
cora_runjwtlb5my_GAT_hyperfig2uj0j,5.5,16.49,33.33,56.27,81.64,97.38,15.32,5.5,16.49,33.33,56.27,81.64,97.38,85.57,87.23,78.62,16,16,4,0.1,0,3,0.015,1,2,64,1,1,0.1,inner,100,9.813735008239746,9.895792961120604,23584
cora_runjwtlb5my_GAT_hyperh6m0uzwh,5.5,16.49,33.33,56.27,81.64,97.38,15.32,5.5,16.49,33.33,56.27,81.64,97.38,85.57,87.23,78.62,16,16,4,0.1,0,3,0.015,1,2,64,1,1,0.1,inner,100,8.261149168014526,8.299317836761475,23584
cora_runjwtlb5my_GAT_hyper7fehu3k9,5.5,16.49,33.33,56.27,81.64,97.38,15.32,5.5,16.49,33.33,56.27,81.64,97.38,85.57,87.23,78.62,16,16,4,0.1,0,3,0.015,1,2,64,1,1,0.1,inner,100,6.743423938751221,6.7760844230651855,23584
cora_runjwtlb5my_GAT_hypern7tbofus,5.5,16.49,33.33,56.27,81.64,97.38,15.32,5.5,16.49,33.33,56.27,81.64,97.38,85.57,87.23,78.62,16,16,4,0.1,0,3,0.015,1,2,64,1,1,0.1,inner,100,10.155055284500122,10.258063316345217,23584
cora_runjwtlb5my_GAT_hyperthn7tui4,5.5,16.49,33.33,56.27,81.64,97.38,15.32,5.5,16.49,33.33,56.27,81.64,97.38,85.57,87.23,78.62,16,16,4,0.1,0,3,0.015,1,2,64,1,1,0.1,inner,100,11.05309009552002,11.137341737747192,23584
cora_runjwtlb5my_GAT_hyperp6qlq6rv,5.5,16.49,33.33,56.27,81.64,97.38,15.32,5.5,16.49,33.33,56.27,81.64,97.38,85.57,87.23,78.62,16,16,4,0.1,0,3,0.015,1,2,64,1,1,0.1,inner,100,9.67564821243286,9.740325212478638,23584
cora_runjwtlb5my_GAT_hyperzfmasrf8,5.5,16.49,33.33,56.27,81.64,97.38,15.32,5.5,16.49,33.33,56.27,81.64,97.38,85.57,87.23,78.62,16,16,4,0.1,0,3,0.015,1,2,64,1,1,0.1,inner,100,11.048033475875854,11.123810291290283,23584
cora_runjwtlb5my_GAT_hypernvw5phjd,5.5,16.49,33.33,56.27,81.64,97.38,15.32,5.5,16.49,33.33,56.27,81.64,97.38,85.57,87.23,78.62,16,16,4,0.1,0,3,0.015,1,2,64,1,1,0.1,inner,100,11.226511716842651,11.308744668960571,23584
cora_runjwtlb5my_GAT_hyper3r28ezir,5.5,16.49,33.33,56.27,81.64,97.38,15.32,5.5,16.49,33.33,56.27,81.64,97.38,85.57,87.23,78.62,16,16,4,0.1,0,3,0.015,1,2,64,1,1,0.1,inner,100,11.86718773841858,11.940739631652832,23584
cora_runjwtlb5my_GAT_hyperfomzrtrm,5.5,16.49,33.33,56.27,81.64,97.38,15.32,5.5,16.49,33.33,56.27,81.64,97.38,85.57,87.23,78.62,16,16,4,0.1,0,3,0.015,1,2,64,1,1,0.1,inner,100,10.085978507995604,10.177262544631958,23584
cora_runjwtlb5my_GAT_hyper7s19twkt,5.5,16.49,33.33,56.27,81.64,97.38,15.32,5.5,16.49,33.33,56.27,81.64,97.38,85.57,87.23,78.62,16,16,4,0.1,0,3,0.015,1,2,64,1,1,0.1,inner,100,10.841580152511597,10.887269496917725,23584
cora_runneip0c5y_GAT_hyperctb5ar6p,5.5,16.84,32.99,56.61,81.64,97.7,15.37,5.5,16.84,32.99,56.61,81.64,97.7,83.98,90.05,75.88,16,16,4,0.1,0,3,0.015,1,2,64,1,1,0.1,inner,100,10.290324926376345,10.326563119888306,23584
cora_runneip0c5y_GAT_hyperu2s5zptp,5.5,16.84,32.99,56.61,81.64,97.7,15.37,5.5,16.84,32.99,56.61,81.64,97.7,85.56,87.19,78.94,16,16,4,0.1,0,3,0.015,1,2,64,1,1,0.1,inner,100,3.830517053604126,3.8456294536590576,23584
cora_runx6kxp96q_GAT_hyperbeuvuy94,10.07,12.41,17.56,35.6,64.17,88.99,14.56,10.07,12.41,17.56,35.6,64.17,88.99,86.45,87.08,78.55,16,16,4,0.1,0,3,0.015,1,2,64,1,1,0.1,inner,100,10.93395972251892,11.011364221572876,23584
cora_runx6kxp96q_GAT_hyperwxqfulu7,1.37,12.41,17.56,35.6,64.17,88.99,14.56,1.37,12.41,17.56,35.6,64.17,88.99,86.45,87.08,78.55,16,16,4,0.1,0,3,0.015,1,2,64,1,1,0.1,inner,100,10.972484588623049,11.072851657867432,23584
cora_runx6kxp96q_GAT_hyper114gqt7j,1.37,12.41,17.56,35.6,64.17,88.99,14.56,1.37,12.41,17.56,35.6,64.17,88.99,86.45,87.08,78.55,16,16,4,0.1,0,3,0.015,1,2,64,1,1,0.1,inner,100,11.715394258499146,11.818941116333008,23584
cora_runx6kxp96q_GAT_hypers89radqp,7.95,12.41,17.56,35.6,64.17,88.99,14.56,7.95,12.41,17.56,35.6,64.17,88.99,86.45,87.08,78.55,16,16,4,0.1,0,3,0.015,1,2,64,1,1,0.1,inner,100,12.03981351852417,12.113181114196776,23584
cora_runx6kxp96q_GAT_hyperr21jyjoj,7.95,12.41,17.56,35.6,64.17,88.99,14.56,7.95,12.41,17.56,35.6,64.17,88.99,86.45,87.08,78.55,16,16,4,0.1,0,3,0.015,1,2,64,1,1,0.1,inner,100,12.28141164779663,12.357993364334106,23584
cora_runx6kxp96q_GAT_hyperwurp8upd,7.95,12.41,17.56,35.6,64.17,88.99,14.56,7.95,12.41,17.56,35.6,64.17,88.99,86.45,87.08,78.55,16,16,4,0.1,0,3,0.015,1,2,64,1,1,0.1,inner,100,12.363537549972534,12.426325798034668,23584
cora_runx6kxp96q_GAT_hyperit9sfqv3,7.95,12.41,17.56,35.6,64.17,88.99,14.56,7.95,12.41,17.56,35.6,64.17,88.99,86.45,87.08,78.55,16,16,4,0.1,0,3,0.015,1,2,64,1,1,0.1,inner,100,11.896148443222046,11.975759983062744,23584
cora_runx6kxp96q_GAT_hyperzfjls6id,3.68,12.41,17.56,35.6,64.17,88.99,14.56,3.68,12.41,17.56,35.6,64.17,88.99,86.45,87.08,78.55,16,16,4,0.1,0,3,0.015,1,2,64,1,1,0.1,inner,100,12.26413369178772,12.325876235961914,23584
cora_runx6kxp96q_GAT_hyperf4fbnq9i,3.68,12.41,17.56,35.6,64.17,88.99,14.56,3.68,12.41,17.56,35.6,64.17,88.99,86.45,87.08,78.55,16,16,4,0.1,0,3,0.015,1,2,64,1,1,0.1,inner,100,11.176388502120972,11.251285552978516,23584
cora_run7g2xm42n_GAT_hypertxoi39ng,4.79,17.57,36.43,55.67,84.88,98.97,14.79,4.79,17.57,36.43,55.67,84.88,98.97,85.46,90.2,79.6,32,32,4,0.1,0,3,0.015,3,2,64,1,3,0.1,inner,100,10.076799631118774,10.114933729171751,48192
cora_run7g2xm42n_GAT_hyper71o53702,4.79,17.57,36.43,55.67,84.88,98.97,14.79,4.79,17.57,36.43,55.67,84.88,98.97,85.46,90.2,79.6,32,32,4,0.1,0,3,0.015,3,2,64,1,3,0.1,inner,100,16.96061420440674,17.03339195251465,48192
cora_run7g2xm42n_GAT_hypertrvl4r7j,4.79,17.57,36.43,55.67,84.88,98.97,14.79,4.79,17.57,36.43,55.67,84.88,98.97,85.46,90.2,79.6,32,32,4,0.1,0,3,0.015,3,2,64,1,3,0.1,inner,100,19.528708934783936,19.603865385055546,48192
cora_run7g2xm42n_GAT_hypert3vm0q8h,4.79,17.57,36.43,55.67,84.88,98.97,14.79,4.79,17.57,36.43,55.67,84.88,98.97,85.46,90.2,79.6,32,32,4,0.1,0,3,0.015,3,2,64,1,3,0.1,inner,100,21.046684980392456,21.11679697036743,48192
cora_run7g2xm42n_GAT_hyper9svg461c,4.79,17.57,36.43,55.67,84.88,98.97,14.79,4.79,17.57,36.43,55.67,84.88,98.97,85.46,90.2,79.6,32,32,4,0.1,0,3,0.015,3,2,64,1,3,0.1,inner,100,18.02607703208924,18.126057147979736,48192
cora_run7g2xm42n_GAT_hyperddndpsk7,4.79,17.57,36.43,55.67,84.88,98.97,14.79,4.79,17.57,36.43,55.67,84.88,98.97,85.46,90.2,79.6,32,32,4,0.1,0,3,0.015,3,2,64,1,3,0.1,inner,100,21.17953133583069,21.26260685920716,48192
cora_run7g2xm42n_GAT_hyperxby0w967,4.79,17.57,36.43,55.67,84.88,98.97,14.79,4.79,17.57,36.43,55.67,84.88,98.97,85.46,90.2,79.6,32,32,4,0.1,0,3,0.015,3,2,64,1,3,0.1,inner,100,23.15430998802185,23.24390292167664,48192
cora_run7g2xm42n_GAT_hyperv95xs1mf,4.79,17.57,36.43,55.67,84.88,98.97,14.79,4.79,17.57,36.43,55.67,84.88,98.97,85.46,90.2,79.6,32,32,4,0.1,0,3,0.015,3,2,64,1,3,0.1,inner,100,23.59580945968628,23.68188714981079,48192
cora_run7g2xm42n_GAT_hyper2fl07a74,4.79,17.57,36.43,55.67,84.88,98.97,14.79,4.79,17.57,36.43,55.67,84.88,98.97,85.46,90.2,79.6,32,32,4,0.1,0,3,0.015,3,2,64,1,3,0.1,inner,100,20.76414275169373,20.84979152679444,48192
cora_run7g2xm42n_GAT_hyperusv10ryt,4.79,17.57,36.43,55.67,84.88,98.97,14.79,4.79,17.57,36.43,55.67,84.88,98.97,85.46,90.2,79.6,32,32,4,0.1,0,3,0.015,3,2,64,1,3,0.1,inner,100,22.7729811668396,22.849023818969727,48192
cora_run7g2xm42n_GAT_hyperfrml5ywz,4.79,17.57,36.43,55.67,84.88,98.97,14.79,4.79,17.57,36.43,55.67,84.88,98.97,85.46,90.2,79.6,32,32,4,0.1,0,3,0.015,3,2,64,1,3,0.1,inner,100,24.22811245918274,24.314696311950684,48192
cora_run7g2xm42n_GAT_hyper8wqt54d1,4.79,17.57,36.43,55.67,84.88,98.97,14.79,4.79,17.57,36.43,55.67,84.88,98.97,85.46,90.2,79.6,32,32,4,0.1,0,3,0.015,3,2,64,1,3,0.1,inner,100,24.39833927154541,24.472349643707275,48192
cora_run7g2xm42n_GAT_hypervqls8kfk,4.79,17.57,36.43,55.67,84.88,98.97,14.79,4.79,17.57,36.43,55.67,84.88,98.97,85.46,90.2,79.6,32,32,4,0.1,0,3,0.015,3,2,64,1,3,0.1,inner,100,21.410902738571167,21.49427819252014,48192
cora_run7g2xm42n_GAT_hyperdcdf0tve,4.79,17.57,36.43,55.67,84.88,98.97,14.79,4.79,17.57,36.43,55.67,84.88,98.97,85.46,90.2,79.6,32,32,4,0.1,0,3,0.015,3,2,64,1,3,0.1,inner,100,24.048439025878903,24.12578248977661,48192
cora_run7g2xm42n_GAT_hyperd5d7o93p,4.79,17.57,36.43,55.67,84.88,98.97,14.79,4.79,17.57,36.43,55.67,84.88,98.97,85.46,90.2,79.6,32,32,4,0.1,0,3,0.015,3,2,64,1,3,0.1,inner,100,22.479174375534058,22.56696128845215,48192
cora_run7g2xm42n_GAT_hyperwd5zg9j0,4.79,17.57,36.43,55.67,84.88,98.97,14.79,4.79,17.57,36.43,55.67,84.88,98.97,85.46,90.2,79.6,32,32,4,0.1,0,3,0.015,3,2,64,1,3,0.1,inner,100,24.86971616744995,24.96546840667725,48192
cora_run7g2xm42n_GAT_hyperwu2n6x7l,4.79,17.57,36.43,55.67,84.88,98.97,14.79,4.79,17.57,36.43,55.67,84.88,98.97,85.46,90.2,79.6,32,32,4,0.1,0,3,0.015,3,2,64,1,3,0.1,inner,100,21.95251631736756,22.03353786468506,48192
cora_run7g2xm42n_GAT_hyperju2vad6c,4.79,17.57,36.43,55.67,84.88,98.97,14.79,4.79,17.57,36.43,55.67,84.88,98.97,85.46,90.2,79.6,32,32,4,0.1,0,3,0.015,3,2,64,1,3,0.1,inner,100,24.175629138946533,24.26002693176269,48192
cora_run7g2xm42n_GAT_hyperpju5tz94,4.79,17.57,36.43,55.67,84.88,98.97,14.79,4.79,17.57,36.43,55.67,84.88,98.97,85.46,90.2,79.6,32,32,4,0.1,0,3,0.015,3,2,64,1,3,0.1,inner,100,25.0651216506958,25.16073489189148,48192
cora_run7g2xm42n_GAT_hyper2at64k4o,4.79,17.57,36.43,55.67,84.88,98.97,14.79,4.79,17.57,36.43,55.67,84.88,98.97,85.46,90.2,79.6,32,32,4,0.1,0,3,0.015,3,2,64,1,3,0.1,inner,100,25.635963201522827,25.740643978118896,48192
cora_run7g2xm42n_GAT_hypernnpvl6hl,4.79,17.57,36.43,55.67,84.88,98.97,14.79,4.79,17.57,36.43,55.67,84.88,98.97,85.46,90.2,79.6,32,32,4,0.1,0,3,0.015,3,2,64,1,3,0.1,inner,100,8.743072032928467,8.808681964874268,48192
cora_run7g2xm42n_GAT_hypersseg8tbr,4.79,17.57,36.43,55.67,84.88,98.97,14.79,4.79,17.57,36.43,55.67,84.88,98.97,85.46,90.2,79.6,32,32,4,0.1,0,3,0.015,3,2,64,1,3,0.1,inner,100,9.867961645126345,9.95461106300354,48192
cora_run7g2xm42n_GAT_hyper47l58bju,4.79,17.57,36.43,55.67,84.88,98.97,14.79,4.79,17.57,36.43,55.67,84.88,98.97,85.46,90.2,79.6,32,32,4,0.1,0,3,0.015,3,2,64,1,3,0.1,inner,100,10.516085386276243,10.583047151565552,48192
cora_run7g2xm42n_GAT_hyper9iur2fjn,4.79,17.57,36.43,55.67,84.88,98.97,14.79,4.79,17.57,36.43,55.67,84.88,98.97,85.46,90.2,79.6,32,32,4,0.1,0,3,0.015,3,2,64,1,3,0.1,inner,100,11.03633427619934,11.128984451293944,48192
cora_run7g2xm42n_GAT_hyperz3j6m064,4.79,17.57,36.43,55.67,84.88,98.97,14.79,4.79,17.57,36.43,55.67,84.88,98.97,85.46,90.2,79.6,32,32,4,0.1,0,3,0.015,3,2,64,1,3,0.1,inner,100,11.017497777938845,11.089778900146484,48192
cora_run7g2xm42n_GAT_hyperooow0y28,4.79,17.57,36.43,55.67,84.88,98.97,14.79,4.79,17.57,36.43,55.67,84.88,98.97,85.46,90.2,79.6,32,32,4,0.1,0,3,0.015,3,2,64,1,3,0.1,inner,100,11.688483715057371,11.762847900390623,48192
cora_run7g2xm42n_GAT_hyperykkt0jj3,4.79,17.57,36.43,55.67,84.88,98.97,14.79,4.79,17.57,36.43,55.67,84.88,98.97,85.46,90.2,79.6,32,32,4,0.1,0,3,0.015,3,2,64,1,3,0.1,inner,100,12.63609004020691,12.77069854736328,48192
cora_run7g2xm42n_GAT_hyper7sqvwhhh,4.79,17.57,36.43,55.67,84.88,98.97,14.79,4.79,17.57,36.43,55.67,84.88,98.97,85.46,90.2,79.6,32,32,4,0.1,0,3,0.015,3,2,64,1,3,0.1,inner,100,12.762156248092651,12.865375995635986,48192
cora_run7g2xm42n_GAT_hypertqdc0u0k,4.79,17.57,36.43,55.67,84.88,98.97,14.79,4.79,17.57,36.43,55.67,84.88,98.97,85.46,90.2,79.6,32,32,4,0.1,0,3,0.015,3,2,64,1,3,0.1,inner,100,11.855433225631714,11.914958477020264,48192
cora_run7g2xm42n_GAT_hyperqr2oh2eq,4.79,17.57,36.43,55.67,84.88,98.97,14.79,4.79,17.57,36.43,55.67,84.88,98.97,85.46,90.2,79.6,32,32,4,0.1,0,3,0.015,3,2,64,1,3,0.1,inner,100,11.584123849868774,11.662038803100586,48192
cora_run7g2xm42n_GAT_hyper9gems1nd,4.79,17.57,36.43,55.67,84.88,98.97,14.79,4.79,17.57,36.43,55.67,84.88,98.97,85.46,90.2,79.6,32,32,4,0.1,0,3,0.015,3,2,64,1,3,0.1,inner,100,13.27413296699524,13.350277423858644,48192
cora_run7g2xm42n_GAT_hypernkztps1v,4.79,17.57,36.43,55.67,84.88,98.97,14.79,4.79,17.57,36.43,55.67,84.88,98.97,85.46,90.2,79.6,32,32,4,0.1,0,3,0.015,3,2,64,1,3,0.1,inner,100,13.593082189559937,13.67725133895874,48192
cora_run7g2xm42n_GAT_hyper4qhw6lye,4.79,17.57,36.43,55.67,84.88,98.97,14.79,4.79,17.57,36.43,55.67,84.88,98.97,85.46,90.2,79.6,32,32,4,0.1,0,3,0.015,3,2,64,1,3,0.1,inner,100,11.654601573944092,11.714331150054932,48192
cora_run7g2xm42n_GAT_hyperl5wmenl8,4.79,17.57,36.43,55.67,84.88,98.97,14.79,4.79,17.57,36.43,55.67,84.88,98.97,85.46,90.2,79.6,32,32,4,0.1,0,3,0.015,3,2,64,1,3,0.1,inner,100,12.188793182373049,12.284650802612305,48192
cora_run7g2xm42n_GAT_hyperh6mluxr5,4.79,17.57,36.43,55.67,84.88,98.97,14.79,4.79,17.57,36.43,55.67,84.88,98.97,85.46,90.2,79.6,32,32,4,0.1,0,3,0.015,3,2,64,1,3,0.1,inner,100,12.949143409729004,13.033172607421877,48192
cora_run7g2xm42n_GAT_hyper0txx78yr,4.79,17.57,36.43,55.67,84.88,98.97,14.79,4.79,17.57,36.43,55.67,84.88,98.97,85.46,90.2,79.6,32,32,4,0.1,0,3,0.015,3,2,64,1,3,0.1,inner,100,12.837985277175903,12.929678201675417,48192
cora_run7g2xm42n_GAT_hyperaio40g1a,4.79,17.57,36.43,55.67,84.88,98.97,14.79,4.79,17.57,36.43,55.67,84.88,98.97,85.46,90.2,79.6,32,32,4,0.1,0,3,0.015,3,2,64,1,3,0.1,inner,100,11.765511989593506,11.858567237854004,48192
cora_runn7p9c7vt_GAT_hypermshmzvrw,6.07,17.14,43.2,61.56,87.76,97.62,17.15,6.07,19.87,43.2,66.44,87.76,97.62,87.72,90.74,79.32,128,128,4,0.1,0,3,0.015,3,2,64,1,3,0.1,inner,100,36.038084745407104,36.23591327667236,217344
cora_run7g2xm42n_GAT_hyperuqelrru3,4.79,17.57,36.43,55.67,84.88,98.97,14.79,4.79,17.57,36.43,55.67,84.88,98.97,85.46,90.2,79.6,32,32,4,0.1,0,3,0.015,3,2,64,1,3,0.1,inner,100,13.14393186569214,13.220104217529297,48192
cora_run1rux5yl8_GAT_hyper524onm5x,16.5,32.99,40.92,64.69,92.23,100.0,25.81,16.5,32.99,40.92,64.69,92.23,100.0,88.36,92.03,82.17,128,128,4,0.1,0,3,0.015,3,2,64,1,3,0.1,inner,20,17.780912160873413,17.863468170166016,217344
cora_run1rux5yl8_GAT_hyperl6un088p,16.5,20.65,40.92,64.69,92.23,100.0,25.81,16.5,20.65,40.92,64.69,92.23,100.0,88.36,92.03,82.17,128,128,4,0.1,0,3,0.015,3,2,64,1,3,0.1,inner,20,19.37802767753601,19.48611617088318,217344
cora_run7g2xm42n_GAT_hyperd2uhc2y3,4.79,17.57,36.43,55.67,84.88,98.97,14.79,4.79,17.57,36.43,55.67,84.88,98.97,85.46,90.2,79.6,32,32,4,0.1,0,3,0.015,3,2,64,1,3,0.1,inner,100,12.063542127609251,12.132877111434937,48192
cora_run1rux5yl8_GAT_hyper8e0zakhn,16.5,20.65,40.92,64.69,92.23,100.0,25.81,16.5,20.65,40.92,64.69,92.23,100.0,88.36,92.03,82.17,128,128,4,0.1,0,3,0.015,3,2,64,1,3,0.1,inner,20,26.15252590179444,26.25819444656372,217344
cora_run1rux5yl8_GAT_hyper46rv7a1o,16.5,20.65,40.92,64.69,92.23,100.0,25.81,16.5,20.65,40.92,64.69,92.23,100.0,88.36,92.03,82.17,128,128,4,0.1,0,3,0.015,3,2,64,1,3,0.1,inner,20,27.58297538757324,27.69858741760254,217344
cora_run7g2xm42n_GAT_hyperht003fx2,4.79,17.57,36.43,55.67,84.88,98.97,14.79,4.79,17.57,36.43,55.67,84.88,98.97,85.46,90.2,79.6,32,32,4,0.1,0,3,0.015,3,2,64,1,3,0.1,inner,100,12.855177402496338,12.930724620819092,48192
cora_run1rux5yl8_GAT_hyper7nxgkzgk,16.5,20.65,40.92,64.69,92.23,100.0,25.81,16.5,20.65,40.92,64.69,92.23,100.0,88.66,92.03,82.17,128,128,4,0.1,0,3,0.015,3,2,64,1,3,0.1,inner,20,24.75080680847168,24.873514890670776,217344
cora_run7g2xm42n_GAT_hypergr6zt7yu,4.79,17.57,36.43,55.67,84.88,98.97,14.79,4.79,17.57,36.43,55.67,84.88,98.97,89.81,90.2,79.6,32,32,4,0.1,0,3,0.015,3,2,64,1,3,0.1,inner,100,3.932457447052002,3.9970040321350098,48192
cora_run1rux5yl8_GAT_hyper44nc0xre,16.5,20.65,40.92,64.69,92.23,100.0,25.81,16.5,20.65,40.92,64.69,92.23,100.0,88.66,92.03,82.17,128,128,4,0.1,0,3,0.015,3,2,64,1,3,0.1,inner,20,28.307384252548218,28.44387650489807,217344
cora_run7g2xm42n_GAT_hyperqk8takym,4.79,17.57,36.43,55.67,84.88,98.97,14.79,4.79,17.57,36.43,55.67,84.88,98.97,89.81,90.2,79.6,32,32,4,0.1,0,3,0.015,3,2,64,1,3,0.1,inner,100,5.682590961456299,5.749895811080933,48192
cora_run1rux5yl8_GAT_hyperoi2yxyzl,16.5,20.65,40.92,64.69,92.23,100.0,25.81,16.5,20.65,40.92,64.69,92.23,100.0,88.66,92.03,82.17,128,128,4,0.1,0,3,0.015,3,2,64,1,3,0.1,inner,20,30.94690752029419,31.057260036468502,217344
cora_run7g2xm42n_GAT_hyper0pgde32o,4.79,17.57,36.43,55.67,84.88,98.97,14.79,4.79,17.57,36.43,55.67,84.88,98.97,89.81,90.2,79.6,32,32,4,0.1,0,3,0.015,3,2,64,1,3,0.1,inner,100,6.08920168876648,6.164930105209351,48192
cora_run1rux5yl8_GAT_hyperudu25eso,16.5,20.65,40.92,64.69,92.23,100.0,25.81,16.5,20.65,40.92,64.69,92.23,100.0,88.66,92.03,82.17,128,128,4,0.1,0,3,0.015,3,2,64,1,3,0.1,inner,20,31.81626009941101,31.960345029830933,217344
cora_run7g2xm42n_GAT_hyperr5y7yckc,4.79,17.57,36.43,55.67,84.88,98.97,14.79,4.79,17.57,36.43,55.67,84.88,98.97,89.81,90.2,79.6,32,32,4,0.1,0,3,0.015,3,2,64,1,3,0.1,inner,100,5.902038335800171,5.964853048324585,48192
cora_run1rux5yl8_GAT_hyper59w2bk99,16.5,20.65,40.92,64.69,92.23,100.0,25.81,16.5,20.65,40.92,64.69,92.23,100.0,88.66,92.03,82.17,128,128,4,0.1,0,3,0.015,3,2,64,1,3,0.1,inner,20,35.19030737876892,35.35593891143799,217344
cora_run7g2xm42n_GAT_hypergz2vc3xu,4.79,17.57,36.43,55.67,84.88,98.97,14.79,4.79,17.57,36.43,55.67,84.88,98.97,89.81,90.2,79.6,32,32,4,0.1,0,3,0.015,3,2,64,1,3,0.1,inner,100,6.053168296813965,6.140588283538818,48192
cora_run7g2xm42n_GAT_hyperbaqwe4hv,4.79,17.57,36.43,55.67,84.88,98.97,14.79,4.79,17.57,36.43,55.67,84.88,98.97,89.81,90.2,79.6,32,32,4,0.1,0,3,0.015,3,2,64,1,3,0.1,inner,100,6.285518169403076,6.353341341018677,48192
cora_run1rux5yl8_GAT_hyperxa8aevq2,16.5,20.65,40.92,64.69,92.23,100.0,25.81,16.5,20.65,40.92,64.69,92.23,100.0,88.66,92.03,82.17,128,128,4,0.1,0,3,0.015,3,2,64,1,3,0.1,inner,20,30.355774402618408,30.467989683151245,217344
cora_run7g2xm42n_GAT_hyperczj80xq4,4.79,17.57,36.43,55.67,84.88,98.97,14.79,4.79,17.57,36.43,55.67,84.88,98.97,89.81,90.2,79.6,32,32,4,0.1,0,3,0.015,3,2,64,1,3,0.1,inner,100,6.689532279968262,6.754397869110107,48192
cora_run1rux5yl8_GAT_hyperm95szz6v,16.5,20.65,40.92,64.69,92.23,100.0,25.81,16.5,20.65,40.92,64.69,92.23,100.0,88.66,92.03,82.17,128,128,4,0.1,0,3,0.015,3,2,64,1,3,0.1,inner,20,32.57093000411987,32.69947791099548,217344
cora_run7g2xm42n_GAT_hyperolj4cmg5,4.79,17.57,36.43,55.67,84.88,98.97,14.79,4.79,17.57,36.43,55.67,84.88,98.97,89.81,90.2,79.6,32,32,4,0.1,0,3,0.015,3,2,64,1,3,0.1,inner,100,6.519027471542358,6.614886999130249,48192
cora_run7g2xm42n_GAT_hyperyin2el4u,4.79,17.57,36.43,55.67,84.88,98.97,14.79,4.79,17.57,36.43,55.67,84.88,98.97,89.81,90.2,79.6,32,32,4,0.1,0,3,0.015,3,2,64,1,3,0.1,inner,100,6.213294744491577,6.278686761856079,48192
cora_run7g2xm42n_GAT_hyperuva9cgb9,4.79,17.57,36.43,55.67,84.88,98.97,14.79,4.79,17.57,36.43,55.67,84.88,98.97,89.81,90.2,79.6,32,32,4,0.1,0,3,0.015,3,2,64,1,3,0.1,inner,100,6.451704740524292,6.535601615905762,48192
cora_run7g2xm42n_GAT_hyperhx16est3,4.79,17.57,36.43,55.67,84.88,98.97,14.79,4.79,17.57,36.43,55.67,84.88,98.97,89.81,90.2,79.6,32,32,4,0.1,0,3,0.015,3,2,64,1,3,0.1,inner,100,7.190743207931519,7.2759850025177,48192
cora_run7g2xm42n_GAT_hyper0fmsnelx,4.79,17.57,36.43,55.67,84.88,98.97,14.79,4.79,17.57,36.43,55.67,84.88,98.97,89.81,90.2,79.6,32,32,4,0.1,0,3,0.015,3,2,64,1,3,0.1,inner,100,6.565106391906738,6.666964292526245,48192
cora_run7g2xm42n_GAT_hyperxl009kqk,4.79,17.57,36.43,55.67,84.88,98.97,14.79,4.79,17.57,36.43,55.67,84.88,98.97,89.81,90.2,79.6,32,32,4,0.1,0,3,0.015,3,2,64,1,3,0.1,inner,100,5.071123123168945,5.110135316848755,48192
cora_run7g2xm42n_GAT_hyperb3k9n1l8,4.79,17.57,36.43,55.67,84.88,98.97,14.79,4.79,17.57,36.43,55.67,84.88,98.97,89.81,90.2,79.6,32,32,4,0.1,0,3,0.015,3,2,64,1,3,0.1,inner,100,4.731099367141724,4.774383068084717,48192
cora_run7g2xm42n_GAT_hyperucb79lek,4.79,17.57,36.43,55.67,84.88,98.97,14.79,4.79,17.57,36.43,55.67,84.88,98.97,89.81,90.2,79.6,32,32,4,0.1,0,3,0.015,3,2,64,1,3,0.1,inner,100,5.0749266147613525,5.169351577758789,48192
cora_run7g2xm42n_GAT_hyperqv6rb2xy,4.79,17.57,36.43,55.67,84.88,98.97,14.79,4.79,17.57,36.43,55.67,84.88,98.97,89.81,90.2,79.6,32,32,4,0.1,0,3,0.015,3,2,64,1,3,0.1,inner,100,6.840603351593018,6.918281316757202,48192
cora_run7g2xm42n_GAT_hyper9klavqdd,4.79,17.57,36.43,55.67,84.88,98.97,14.79,4.79,17.57,36.43,55.67,84.88,98.97,89.81,90.2,79.6,32,32,4,0.1,0,3,0.015,3,2,64,1,3,0.1,inner,100,6.5141377449035645,6.60200572013855,48192
cora_run7g2xm42n_GAT_hyperlreh7wpd,4.79,17.57,36.43,55.67,84.88,98.97,14.79,4.79,17.57,36.43,55.67,84.88,98.97,89.81,90.2,79.6,32,32,4,0.1,0,3,0.015,3,2,64,1,3,0.1,inner,100,7.004233360290527,7.110653162002564,48192
cora_run7g2xm42n_GAT_hyper54i2w3di,4.79,17.57,36.43,55.67,84.88,98.97,14.79,4.79,17.57,36.43,55.67,84.88,98.97,89.81,90.2,79.6,32,32,4,0.1,0,3,0.015,3,2,64,1,3,0.1,inner,100,6.718242406845093,6.811617136001587,48192
cora_run7g2xm42n_GAT_hypernnkv6srq,4.79,17.57,36.43,55.67,84.88,98.97,14.79,4.79,17.57,36.43,55.67,84.88,98.97,89.81,90.2,79.6,32,32,4,0.1,0,3,0.015,3,2,64,1,3,0.1,inner,100,6.58283281326294,6.656251668930054,48192
cora_run1qacz7uf_GAT_hyperi2li4j3q,16.5,32.99,40.92,64.69,92.23,100.0,25.81,16.5,32.99,40.92,64.69,92.23,100.0,88.36,92.03,82.17,128,128,4,0.1,0,3,0.015,3,2,64,1,3,0.1,inner,20,17.915337324142456,17.993245124816895,217344
Best,16.5,32.99,43.2,64.69,92.23,100.0,25.81,16.5,32.99,43.2,66.44,92.23,100.0,89.81,92.03,82.17,128,128,4,0.1,0,3,0.015,3,2,64,1,3,0.1,inner,100,36.038084745407104,36.23591327667236,217344
