Metric,Hits@1,Hits@3,Hits@10,Hits@20,Hits@50,Hits@100,MRR,mrr_hit1,mrr_hit3,mrr_hit10,mrr_hit20,mrr_hit50,mrr_hit100,AUC,AP,acc,out_channels,hidden_channels,heads,negative_slope,dropout,num_layers,base_lr,batch_size,lr,batch_size_sampler,num_neighbors,num_hops,epochs
cora_runo6g625i1_GAT,21.74,42.49,65.72,78.43,92.46,96.88,38.27,21.74,42.49,65.72,78.43,92.46,96.88,93.27,95.5,80.93,128,256,4,0.1,0,5,0.015,32,0.1,32,5,6,50
cora_run47s6n8cz_GAT,29.5,42.49,65.72,78.43,92.46,96.88,38.27,29.5,42.49,65.72,78.43,92.46,96.88,94.02,95.5,80.93,128,256,4,0.1,0,5,0.015,32,0.1,32,5,7,50
cora_runy8ivdie9_GAT,35.55,42.49,65.72,78.43,92.46,96.88,38.27,35.55,44.0,65.72,78.43,92.46,96.88,93.27,95.5,80.93,128,256,4,0.1,0,5,0.015,32,0.1,32,5,8,50
cora_run96ymk0tk_GAT,35.55,42.49,65.72,78.43,92.46,96.88,38.27,35.55,44.0,65.72,78.43,92.46,96.88,93.27,95.5,80.93,128,256,4,0.1,0,5,0.015,32,0.1,32,10,6,50
cora_runixkgfbeh_GAT,35.55,42.49,65.72,78.43,92.46,96.88,38.27,35.55,44.0,65.72,78.43,92.46,96.88,93.27,95.5,80.93,128,256,4,0.1,0,5,0.015,32,0.1,32,10,7,50
cora_run77r489e0_GAT,35.55,42.49,65.72,78.43,92.46,96.88,38.27,35.55,44.0,65.72,78.43,92.46,96.88,93.27,95.5,80.93,128,256,4,0.1,0,5,0.015,32,0.1,32,10,8,50
cora_runfln9qhst_GAT,35.55,42.49,65.72,78.43,92.46,96.88,38.27,35.55,44.0,65.72,78.43,92.46,96.88,93.27,95.5,80.93,128,256,4,0.1,0,5,0.015,32,0.1,32,20,6,50
cora_runn66j3toq_GAT,35.55,42.49,65.72,78.43,92.46,96.88,38.27,35.55,44.0,65.72,78.43,92.46,96.88,93.27,95.5,80.93,128,256,4,0.1,0,5,0.015,32,0.1,32,20,7,50
cora_runl3hqmly7_GAT,35.55,42.49,65.72,78.43,92.46,96.88,38.27,35.55,44.0,65.72,78.43,92.46,96.88,93.27,95.5,80.93,128,256,4,0.1,0,5,0.015,32,0.1,32,20,8,50
cora_runmb5flipl_GAT,35.55,42.49,65.72,78.43,92.46,96.88,38.27,35.55,44.0,65.72,78.43,92.46,96.88,93.27,95.5,80.93,128,256,4,0.1,0,5,0.015,32,0.1,32,30,6,50
cora_runjd6pdeae_GAT,35.55,42.49,65.72,78.43,92.46,96.88,38.27,35.55,44.0,65.72,78.43,92.46,96.88,93.27,95.5,80.93,128,256,4,0.1,0,5,0.015,32,0.1,32,30,7,50
cora_run8csz3tes_GAT,35.55,42.49,65.72,78.43,92.46,96.88,38.27,35.55,44.0,65.72,78.43,92.46,96.88,93.27,95.5,80.93,128,256,4,0.1,0,5,0.015,32,0.1,32,30,8,50
cora_runm9h4uocf_GAT,35.55,42.49,65.72,78.43,92.46,96.88,38.27,35.55,44.0,65.72,78.43,92.46,96.88,93.27,95.5,80.93,128,256,4,0.1,0,5,0.015,32,0.1,32,40,6,50
cora_run3r36ndmp_GAT,35.55,42.49,65.72,78.43,92.46,96.88,38.27,35.55,44.0,65.72,78.43,92.46,96.88,93.27,95.5,80.93,128,256,4,0.1,0,5,0.015,32,0.1,32,40,7,50
cora_runggj7unjf_GAT,35.55,42.49,65.72,78.43,92.46,96.88,38.27,35.55,44.0,65.72,78.43,92.46,96.88,93.27,95.5,80.93,128,256,4,0.1,0,5,0.015,32,0.1,32,40,8,50
cora_runcrehl21p_GAT,31.94,42.49,65.72,78.43,92.46,96.88,42.41,31.94,44.0,65.72,78.43,92.46,96.88,93.27,95.5,80.03,128,256,4,0.1,0,5,0.015,32,0.1,64,5,6,50
cora_run8fpu1fm3_GAT,31.21,42.49,65.72,78.43,92.46,96.88,42.41,31.21,44.0,65.72,78.43,92.46,96.88,93.27,95.5,80.03,128,256,4,0.1,0,5,0.015,32,0.1,64,5,7,50
cora_runfgzczpgs_GAT,31.21,42.49,65.72,78.43,92.46,96.88,42.41,31.21,44.0,65.72,78.43,92.46,96.88,93.27,95.5,80.03,128,256,4,0.1,0,5,0.015,32,0.1,64,5,8,50
cora_run5x05it9a_GAT,31.21,42.49,65.72,78.43,92.46,96.88,42.41,31.21,44.0,65.72,78.43,92.46,96.88,93.27,95.5,80.03,128,256,4,0.1,0,5,0.015,32,0.1,64,10,6,50
cora_runiqotqmn8_GAT,31.21,42.49,65.72,78.43,92.46,96.88,42.41,31.21,44.0,65.72,78.43,92.46,96.88,93.27,95.5,80.03,128,256,4,0.1,0,5,0.015,32,0.1,64,10,7,50
cora_runyk68lpdr_GAT,31.21,42.49,65.72,78.43,92.46,96.88,42.41,31.21,44.0,65.72,78.43,92.46,96.88,93.27,95.5,80.03,128,256,4,0.1,0,5,0.015,32,0.1,64,10,8,50
cora_runwsgldarz_GAT,31.21,42.49,65.72,78.43,92.46,96.88,42.41,31.21,44.0,65.72,78.43,92.46,96.88,93.27,95.5,80.03,128,256,4,0.1,0,5,0.015,32,0.1,64,20,6,50
cora_runqy75qvo6_GAT,31.21,42.49,65.72,78.43,92.46,96.88,42.41,31.21,44.0,65.72,78.43,92.46,96.88,93.27,95.5,80.03,128,256,4,0.1,0,5,0.015,32,0.1,64,20,7,50
cora_runtwgdyjsm_GAT,31.21,42.49,65.72,78.43,92.46,96.88,42.41,31.21,44.0,65.72,78.43,92.46,96.88,93.27,95.5,80.03,128,256,4,0.1,0,5,0.015,32,0.1,64,20,8,50
cora_runtb3r8lzz_GAT,31.21,42.49,65.72,78.43,92.46,96.88,42.41,31.21,44.0,65.72,78.43,92.46,96.88,93.27,95.5,80.03,128,256,4,0.1,0,5,0.015,32,0.1,64,30,6,50
cora_runcpg3yv56_GAT,31.21,42.49,65.72,78.43,92.46,96.88,42.41,31.21,44.0,65.72,78.43,92.46,96.88,93.27,95.5,80.03,128,256,4,0.1,0,5,0.015,32,0.1,64,30,7,50
cora_runtpzsc1gf_GAT,31.21,42.49,65.72,78.43,92.46,96.88,42.41,31.21,44.0,65.72,78.43,92.46,96.88,93.27,95.5,80.03,128,256,4,0.1,0,5,0.015,32,0.1,64,30,8,50
cora_rund19kb780_GAT,31.21,42.49,65.72,78.43,92.46,96.88,42.41,31.21,44.0,65.72,78.43,92.46,96.88,93.27,95.5,80.03,128,256,4,0.1,0,5,0.015,32,0.1,64,40,6,50
cora_run1w01ruxt_GAT,31.21,42.49,65.72,78.43,92.46,96.88,42.41,31.21,44.0,65.72,78.43,92.46,96.88,93.27,95.5,80.03,128,256,4,0.1,0,5,0.015,32,0.1,64,40,7,50
cora_runxzq5x2z1_GAT,31.21,42.49,65.72,78.43,92.46,96.88,42.41,31.21,44.0,65.72,78.43,92.46,96.88,93.27,95.5,80.03,128,256,4,0.1,0,5,0.015,32,0.1,64,40,8,50
cora_runus9o6n66_GAT,31.21,42.49,65.72,78.43,92.46,96.88,42.41,31.21,44.0,65.72,78.43,92.46,96.88,93.27,95.5,80.03,128,256,4,0.1,0,5,0.015,32,0.1,128,5,6,50
cora_runrkywjx8q_GAT,31.21,42.49,65.72,78.43,92.46,96.88,42.41,31.21,44.0,65.72,78.43,92.46,96.88,93.27,95.5,80.03,128,256,4,0.1,0,5,0.015,32,0.1,128,5,7,50
cora_run4jp7kdh4_GAT,31.21,42.49,65.72,78.43,92.46,96.88,42.41,31.21,44.0,65.72,78.43,92.46,96.88,93.27,95.5,80.03,128,256,4,0.1,0,5,0.015,32,0.1,128,5,8,50
cora_runz840fb52_GAT,31.21,42.49,65.72,78.43,92.46,96.88,42.41,31.21,44.0,65.72,78.43,92.46,96.88,93.27,95.5,80.03,128,256,4,0.1,0,5,0.015,32,0.1,128,10,6,50
cora_runvp2jbhqj_GAT,31.21,42.49,65.72,78.43,92.46,96.88,42.41,31.21,44.0,65.72,78.43,92.46,96.88,93.27,95.5,80.03,128,256,4,0.1,0,5,0.015,32,0.1,128,10,7,50
cora_rundskjoa9k_GAT,31.21,42.49,65.72,78.43,92.46,96.88,42.41,31.21,44.0,65.72,78.43,92.46,96.88,93.27,95.5,80.03,128,256,4,0.1,0,5,0.015,32,0.1,128,10,8,50
cora_run6ngpf2or_GAT,31.21,42.49,65.72,78.43,92.46,96.88,42.41,31.21,44.0,65.72,78.43,92.46,96.88,93.27,95.5,80.03,128,256,4,0.1,0,5,0.015,32,0.1,128,20,6,50
cora_runxhp2nre9_GAT,31.21,42.49,65.72,78.43,92.46,96.88,42.41,31.21,44.0,65.72,78.43,92.46,96.88,93.27,95.5,80.03,128,256,4,0.1,0,5,0.015,32,0.1,128,20,7,50
cora_run1ecwvbi8_GAT,31.21,42.49,65.72,78.43,92.46,96.88,42.41,31.21,44.0,65.72,78.43,92.46,96.88,93.27,95.5,80.03,128,256,4,0.1,0,5,0.015,32,0.1,128,20,8,50
cora_run9i5lq3f0_GAT,31.21,42.49,65.72,78.43,92.46,96.88,42.41,31.21,44.0,65.72,78.43,92.46,96.88,93.27,95.5,80.03,128,256,4,0.1,0,5,0.015,32,0.1,128,30,6,50
cora_run1tgzgfdj_GAT,31.21,42.49,65.72,78.43,92.46,96.88,42.41,31.21,44.0,65.72,78.43,92.46,96.88,93.27,95.5,80.03,128,256,4,0.1,0,5,0.015,32,0.1,128,30,7,50
cora_run6yx9yarr_GAT,31.21,42.49,65.72,78.43,92.46,96.88,42.41,31.21,44.0,65.72,78.43,92.46,96.88,93.27,95.5,80.03,128,256,4,0.1,0,5,0.015,32,0.1,128,30,8,50
cora_rungxvh1xp5_GAT,31.21,42.49,65.72,78.43,92.46,96.88,42.41,31.21,44.0,65.72,78.43,92.46,96.88,93.27,95.5,80.03,128,256,4,0.1,0,5,0.015,32,0.1,128,40,6,50
cora_run97vsnhg0_GAT,31.21,42.49,65.72,78.43,92.46,96.88,42.41,31.21,44.0,65.72,78.43,92.46,96.88,93.27,95.5,80.03,128,256,4,0.1,0,5,0.015,32,0.1,128,40,7,50
cora_runc0pyx04z_GAT,31.21,42.49,65.72,78.43,92.46,96.88,42.41,31.21,44.0,65.72,78.43,92.46,96.88,93.27,95.5,80.03,128,256,4,0.1,0,5,0.015,32,0.1,128,40,8,50
cora_runfmzfpx3v_GAT,31.21,41.61,66.08,78.43,92.46,96.88,42.41,31.21,44.0,66.08,78.43,92.46,96.88,93.27,95.5,78.89,128,256,4,0.1,0,5,0.015,32,0.01,32,5,6,50
cora_run5idzwmqt_GAT,31.21,41.61,66.08,78.43,92.46,96.88,42.41,31.21,44.0,66.08,78.43,92.46,96.88,93.27,95.5,78.89,128,256,4,0.1,0,5,0.015,32,0.01,32,5,7,50
cora_runi3uha2yh_GAT,31.21,41.61,66.08,78.43,92.46,96.88,42.41,31.21,44.0,66.08,78.43,92.46,96.88,93.66,95.5,78.89,128,256,4,0.1,0,5,0.015,32,0.01,32,5,8,50
cora_runma59xuul_GAT,31.21,41.61,66.08,78.43,92.46,96.88,42.41,31.21,44.0,66.08,78.43,92.46,96.88,93.66,95.5,78.89,128,256,4,0.1,0,5,0.015,32,0.01,32,10,6,50
cora_run6n8nocz6_GAT,31.21,41.61,66.08,78.43,92.46,96.88,42.41,31.21,44.0,66.08,78.43,92.46,96.88,93.66,95.5,78.89,128,256,4,0.1,0,5,0.015,32,0.01,32,10,7,50
cora_runlss2k8qw_GAT,31.21,41.61,66.08,78.43,92.46,96.88,42.41,31.21,44.0,66.08,78.43,92.46,96.88,93.66,95.5,78.89,128,256,4,0.1,0,5,0.015,32,0.01,32,10,8,50
cora_runxhw5yxxr_GAT,31.21,41.61,66.08,78.43,92.46,96.88,42.41,31.21,44.0,66.08,78.43,92.46,96.88,93.66,95.5,78.89,128,256,4,0.1,0,5,0.015,32,0.01,32,20,6,50
cora_run5ez89w5h_GAT,31.21,41.61,66.08,78.43,92.46,96.88,42.41,31.21,44.0,66.08,78.43,92.46,96.88,93.66,95.5,78.89,128,256,4,0.1,0,5,0.015,32,0.01,32,20,7,50
cora_run1bjqoyal_GAT,31.21,41.61,66.08,78.43,92.46,96.88,42.41,31.21,44.0,66.08,78.43,92.46,96.88,93.66,95.5,78.89,128,256,4,0.1,0,5,0.015,32,0.01,32,20,8,50
cora_runkowt9ch4_GAT,31.21,41.61,66.08,78.43,92.46,96.88,42.41,31.21,44.0,66.08,78.43,92.46,96.88,93.66,95.5,78.89,128,256,4,0.1,0,5,0.015,32,0.01,32,30,6,50
cora_rune1gzva8h_GAT,31.21,41.61,66.08,78.43,92.46,96.88,42.41,31.21,44.0,66.08,78.43,92.46,96.88,93.66,95.5,78.89,128,256,4,0.1,0,5,0.015,32,0.01,32,30,7,50
cora_run82mqvwvo_GAT,31.21,41.61,66.08,78.43,92.46,96.88,42.41,31.21,44.0,66.08,78.43,92.46,96.88,93.66,95.5,78.89,128,256,4,0.1,0,5,0.015,32,0.01,32,30,8,50
cora_runylxm2nel_GAT,31.21,41.61,66.08,78.43,92.46,96.88,42.41,31.21,44.0,66.08,78.43,92.46,96.88,93.66,95.5,78.89,128,256,4,0.1,0,5,0.015,32,0.01,32,40,6,50
cora_runej12w8xs_GAT,31.21,41.61,66.08,78.43,92.46,96.88,42.41,31.21,44.0,66.08,78.43,92.46,96.88,93.66,95.5,78.89,128,256,4,0.1,0,5,0.015,32,0.01,32,40,7,50
cora_runhjzhzf7t_GAT,31.21,41.61,66.08,78.43,92.46,96.88,42.41,31.21,44.0,66.08,78.43,92.46,96.88,93.66,95.5,78.89,128,256,4,0.1,0,5,0.015,32,0.01,32,40,8,50
cora_runwwoykhg5_GAT,31.21,41.61,66.08,78.43,92.46,96.88,42.41,31.21,44.0,66.08,78.43,92.46,96.88,93.66,95.5,78.89,128,256,4,0.1,0,5,0.015,32,0.01,64,5,6,50
cora_runj0s17afw_GAT,31.21,41.61,66.08,78.43,92.46,96.88,42.41,31.21,44.0,66.08,78.43,92.46,96.88,93.66,95.5,78.89,128,256,4,0.1,0,5,0.015,32,0.01,64,5,7,50
cora_rund5tv3z9x_GAT,31.21,41.61,66.08,78.43,92.46,96.88,42.41,31.21,44.0,66.08,78.43,92.46,96.88,93.66,95.5,78.89,128,256,4,0.1,0,5,0.015,32,0.01,64,5,8,50
cora_rungwohnito_GAT,31.21,41.61,66.08,78.43,92.46,96.88,42.41,31.21,44.0,66.08,78.43,92.46,96.88,93.66,95.5,78.89,128,256,4,0.1,0,5,0.015,32,0.01,64,10,6,50
cora_runyhazifi2_GAT,31.21,41.61,66.08,78.43,92.46,96.88,42.41,31.21,44.0,66.08,78.43,92.46,96.88,93.66,95.5,78.89,128,256,4,0.1,0,5,0.015,32,0.01,64,10,7,50
cora_run84gbbbi0_GAT,31.21,41.61,66.08,78.43,92.46,96.88,42.41,31.21,44.0,66.08,78.43,92.46,96.88,93.66,95.5,78.89,128,256,4,0.1,0,5,0.015,32,0.01,64,10,8,50
cora_runwt4cwc85_GAT,15.06,36.74,53.39,64.61,87.39,94.17,30.3,15.06,36.74,53.39,64.61,87.39,94.17,93.21,94.21,78.15,128,256,4,0.1,0,5,0.015,32,0.01,64,20,6,50
cora_rungg2nil6e_GAT,20.17,36.74,53.39,64.61,87.39,93.9,30.3,20.17,36.74,53.39,64.61,87.39,93.9,93.21,94.21,78.15,128,256,4,0.1,0,5,0.015,32,0.01,64,20,7,50
cora_run5ay094jj_GAT,20.17,36.74,53.39,74.74,87.39,93.9,34.72,20.17,36.74,53.39,74.74,87.39,93.9,93.21,94.21,78.15,128,256,4,0.1,0,5,0.015,32,0.01,64,20,8,50
cora_runoa6oho8d_GAT,16.3,30.29,50.36,74.74,86.51,93.02,28.11,16.3,30.29,50.36,74.74,86.51,93.02,93.24,94.01,78.15,128,256,4,0.1,0,5,0.015,32,0.01,64,30,6,50
cora_run2a7za0d9_GAT,16.3,27.06,50.36,74.74,86.51,93.02,28.11,16.3,27.06,50.36,74.74,86.51,93.02,93.24,94.01,78.15,128,256,4,0.1,0,5,0.015,32,0.01,64,30,7,50
cora_runyf2blxw5_GAT,16.3,27.06,50.36,74.74,86.51,93.02,28.11,16.3,27.06,50.36,74.74,86.51,93.02,93.88,94.01,78.15,128,256,4,0.1,0,5,0.015,32,0.01,64,30,8,50
cora_runyql2wc16_GAT,16.3,27.06,50.36,74.74,86.91,93.02,28.11,16.3,27.06,50.36,74.74,86.91,93.02,93.88,94.01,78.15,128,256,4,0.1,0,5,0.015,32,0.01,64,40,6,50
cora_runfu16ckai_GAT,16.3,27.06,50.36,74.74,86.91,93.02,28.11,16.3,27.06,50.36,74.74,86.91,93.02,93.88,94.01,78.15,128,256,4,0.1,0,5,0.015,32,0.01,64,40,7,50
cora_rungy8zuqnj_GAT,16.3,27.06,50.36,74.74,86.91,93.02,28.11,16.3,27.06,50.36,74.74,86.91,93.02,93.88,94.01,78.15,128,256,4,0.1,0,5,0.015,32,0.01,64,40,8,50
cora_run1sqidzzh_GAT,16.3,27.06,50.36,74.74,89.03,94.0,28.11,16.3,27.06,50.36,74.74,89.03,94.0,93.03,94.19,82.25,128,256,4,0.1,0,5,0.015,32,0.01,128,5,6,50
cora_runlmkeuwzw_GAT,16.3,27.06,50.36,69.42,89.03,94.0,28.11,16.3,27.06,50.36,69.42,89.03,94.0,93.2,94.18,82.25,128,256,4,0.1,0,5,0.015,32,0.01,128,5,7,50
cora_run28jw5w1w_GAT,16.3,27.06,50.36,69.42,89.03,94.0,28.11,16.3,27.06,50.36,69.42,89.03,94.0,93.24,94.18,82.25,128,256,4,0.1,0,5,0.015,32,0.01,128,5,8,50
cora_runthu3fmz7_GAT,16.3,27.06,50.36,69.42,89.03,94.0,28.11,16.3,27.06,50.36,69.42,89.03,94.0,93.24,94.18,82.25,128,256,4,0.1,0,5,0.015,32,0.01,128,10,6,50
cora_runhyyys984_GAT,16.3,27.06,50.36,69.42,89.03,94.0,28.11,16.3,27.06,50.36,69.42,89.03,94.0,93.24,94.18,82.25,128,256,4,0.1,0,5,0.015,32,0.01,128,10,7,50
cora_runbotklrsy_GAT,16.3,27.06,50.36,69.42,89.03,94.0,28.11,16.3,27.06,50.36,69.42,89.03,94.0,93.24,94.18,82.25,128,256,4,0.1,0,5,0.015,32,0.01,128,10,8,50
cora_runtmszghb6_GAT,16.3,27.06,50.36,69.42,89.03,94.0,28.11,16.3,27.06,50.36,69.42,89.03,94.0,93.24,94.18,82.25,128,256,4,0.1,0,5,0.015,32,0.01,128,20,6,50
cora_runm9ybx67b_GAT,16.3,27.06,50.36,69.42,89.03,94.0,28.11,16.3,27.06,50.36,69.42,89.03,94.0,93.24,94.18,82.25,128,256,4,0.1,0,5,0.015,32,0.01,128,20,7,50
cora_run4didzpip_GAT,16.3,27.06,50.36,69.42,89.03,94.0,28.11,16.3,27.06,50.36,69.42,89.03,94.0,93.24,94.18,82.25,128,256,4,0.1,0,5,0.015,32,0.01,128,20,8,50
cora_runkbws8sp8_GAT,16.3,27.06,50.36,69.42,89.03,94.0,28.11,16.3,27.06,50.36,69.42,89.03,94.0,93.24,94.18,82.25,128,256,4,0.1,0,5,0.015,32,0.01,128,30,6,50
cora_run7z3sliuc_GAT,16.3,27.06,50.36,69.42,89.03,94.0,28.11,16.3,27.06,50.36,69.42,89.03,94.0,93.24,94.18,82.25,128,256,4,0.1,0,5,0.015,32,0.01,128,30,7,50
cora_runsy29210x_GAT,16.3,27.06,50.36,69.42,89.03,94.0,28.11,16.3,27.06,50.36,69.42,89.03,94.0,93.24,94.18,82.25,128,256,4,0.1,0,5,0.015,32,0.01,128,30,8,50
cora_runcodurw0q_GAT,16.3,27.06,50.36,69.42,89.03,94.0,28.11,16.3,27.06,50.36,69.42,89.03,94.0,93.24,94.18,82.25,128,256,4,0.1,0,5,0.015,32,0.01,128,40,6,50
cora_runbi1li3lt_GAT,16.3,27.06,50.36,69.42,89.03,94.0,28.11,16.3,27.06,50.36,69.42,89.03,94.0,93.24,94.18,82.25,128,256,4,0.1,0,5,0.015,32,0.01,128,40,7,50
cora_runw5lt9wyv_GAT,16.3,27.06,50.36,69.42,89.03,94.0,28.11,16.3,27.06,50.36,69.42,89.03,94.0,93.24,94.18,82.25,128,256,4,0.1,0,5,0.015,32,0.01,128,40,8,50
cora_runb2smbyyy_GAT,23.1,46.66,63.63,80.08,93.01,96.84,36.18,23.1,46.66,63.63,80.08,93.01,96.86,93.65,95.88,82.25,128,256,4,0.1,0,5,0.015,64,0.1,32,5,6,50
cora_runh5jq6lv1_GAT,22.51,46.66,63.63,80.08,93.01,96.84,36.18,22.51,46.66,63.63,80.08,93.01,96.86,93.61,95.88,82.25,128,256,4,0.1,0,5,0.015,64,0.1,32,5,7,50
cora_runjawnqqdc_GAT,22.51,46.66,63.63,80.08,93.01,96.84,36.18,22.51,43.96,63.63,80.08,93.01,96.86,93.61,95.88,82.25,128,256,4,0.1,0,5,0.015,64,0.1,32,5,8,50
cora_rungv7sgxs2_GAT,22.51,46.66,63.63,80.08,93.01,96.84,36.18,22.51,43.96,63.63,80.08,93.01,96.86,93.61,95.88,82.25,128,256,4,0.1,0,5,0.015,64,0.1,32,10,6,50
cora_runwumfkmpb_GAT,22.51,46.66,63.63,80.08,93.01,96.84,36.18,22.51,43.96,63.63,80.08,93.01,96.86,93.61,95.88,82.25,128,256,4,0.1,0,5,0.015,64,0.1,32,10,7,50
cora_run08gfdx8a_GAT,22.51,46.66,63.63,80.08,93.01,96.84,36.18,22.51,43.96,63.63,80.08,93.01,96.86,93.61,95.88,82.25,128,256,4,0.1,0,5,0.015,64,0.1,32,10,8,50
cora_runn33awjz9_GAT,22.51,46.66,63.63,80.08,93.01,96.84,36.18,22.51,43.96,63.63,80.08,93.01,96.86,93.61,95.88,82.25,128,256,4,0.1,0,5,0.015,64,0.1,32,20,6,50
cora_runwncfbdsk_GAT,22.51,46.66,63.63,80.08,93.01,96.84,36.18,22.51,43.96,63.63,80.08,93.01,96.86,93.61,95.88,82.25,128,256,4,0.1,0,5,0.015,64,0.1,32,20,7,50
cora_run07drvj09_GAT,22.51,46.66,63.63,80.08,93.01,96.84,36.18,22.51,43.96,63.63,80.08,93.01,96.86,93.61,95.88,82.25,128,256,4,0.1,0,5,0.015,64,0.1,32,20,8,50
cora_rune5o1q5x6_GAT,22.51,46.66,63.63,80.08,93.01,96.84,36.18,22.51,43.96,63.63,80.08,93.01,96.86,93.61,95.88,82.25,128,256,4,0.1,0,5,0.015,64,0.1,32,30,6,50
cora_runl7oldy2v_GAT,22.51,46.66,63.63,80.08,93.01,96.84,36.18,22.51,43.96,63.63,80.08,93.01,96.86,93.61,95.88,82.25,128,256,4,0.1,0,5,0.015,64,0.1,32,30,7,50
cora_runp4kxyxq5_GAT,22.51,46.66,63.63,80.08,93.01,96.84,36.18,22.51,43.96,63.63,80.08,93.01,96.86,93.61,95.88,82.25,128,256,4,0.1,0,5,0.015,64,0.1,32,30,8,50
cora_runvcmq3qzx_GAT,22.51,46.66,63.63,80.08,93.01,96.84,36.18,22.51,43.96,63.63,80.08,93.01,96.86,93.61,95.88,82.25,128,256,4,0.1,0,5,0.015,64,0.1,32,40,6,50
cora_runcb74l2ut_GAT,22.51,46.66,63.63,80.08,93.01,96.84,36.18,22.51,43.96,63.63,80.08,93.01,96.86,93.61,95.88,82.25,128,256,4,0.1,0,5,0.015,64,0.1,32,40,7,50
cora_runzuq99qqn_GAT,22.51,46.66,63.63,80.08,93.01,96.84,36.18,22.51,43.96,63.63,80.08,93.01,96.86,93.61,95.88,82.25,128,256,4,0.1,0,5,0.015,64,0.1,32,40,8,50
cora_runchw8wnb3_GAT,24.69,46.66,63.63,80.08,93.01,96.84,36.18,24.69,43.96,63.63,80.08,93.01,96.86,93.61,95.88,82.25,128,256,4,0.1,0,5,0.015,64,0.1,64,5,6,50
cora_run9p4i8znd_GAT,24.69,46.66,63.63,80.08,93.01,96.84,36.18,24.69,43.96,63.63,80.08,93.01,96.86,93.61,95.88,82.25,128,256,4,0.1,0,5,0.015,64,0.1,64,5,7,50
cora_runr3ne4fiv_GAT,24.69,46.66,63.63,80.08,93.01,96.84,36.18,24.69,43.96,63.63,80.08,93.01,96.86,93.61,95.88,82.25,128,256,4,0.1,0,5,0.015,64,0.1,64,5,8,50
cora_run3d7heztq_GAT,24.69,46.66,63.63,80.08,93.01,96.84,36.18,24.69,43.96,63.63,80.08,93.01,96.86,93.61,95.88,82.25,128,256,4,0.1,0,5,0.015,64,0.1,64,10,6,50
cora_runcu2qop4g_GAT,24.69,46.66,63.63,80.08,93.01,96.84,36.18,24.69,43.96,63.63,80.08,93.01,96.86,93.61,95.88,82.25,128,256,4,0.1,0,5,0.015,64,0.1,64,10,7,50
cora_runwjt01egd_GAT,24.69,46.66,63.63,80.08,93.01,96.84,36.18,24.69,43.96,63.63,80.08,93.01,96.86,93.61,95.88,82.25,128,256,4,0.1,0,5,0.015,64,0.1,64,10,8,50
cora_runh6vaocrj_GAT,24.69,46.66,63.63,80.08,93.01,96.84,36.18,24.69,43.96,63.63,80.08,93.01,96.86,93.61,95.88,82.25,128,256,4,0.1,0,5,0.015,64,0.1,64,20,6,50
cora_runfzx0ef8v_GAT,24.69,46.66,63.63,80.08,93.01,96.84,36.18,24.69,43.96,63.63,80.08,93.01,96.86,93.61,95.88,82.25,128,256,4,0.1,0,5,0.015,64,0.1,64,20,7,50
cora_runlvgwcsvc_GAT,24.69,46.66,63.63,80.08,93.01,96.84,36.18,24.69,43.96,63.63,80.08,93.01,96.86,93.61,95.88,82.25,128,256,4,0.1,0,5,0.015,64,0.1,64,20,8,50
cora_run6rt6n67u_GAT,24.69,46.66,63.63,80.08,93.01,96.84,36.18,24.69,43.96,63.63,80.08,93.01,96.86,93.61,95.88,82.25,128,256,4,0.1,0,5,0.015,64,0.1,64,30,6,50
cora_runvy1vrs1i_GAT,24.69,30.36,63.63,80.08,93.01,96.84,36.18,24.69,43.96,63.63,80.08,93.01,96.86,93.61,95.88,82.25,128,256,4,0.1,0,5,0.015,64,0.1,64,30,7,50
cora_runr2va8ue9_GAT,24.69,30.36,63.63,80.08,93.01,96.84,36.18,24.69,43.96,63.63,80.08,93.01,96.86,93.61,95.88,82.25,128,256,4,0.1,0,5,0.015,64,0.1,64,30,8,50
cora_runxg98cmj0_GAT,24.69,30.36,63.63,80.08,93.01,96.84,36.18,24.69,43.96,63.63,80.08,93.01,96.86,93.61,95.88,82.25,128,256,4,0.1,0,5,0.015,64,0.1,64,40,6,50
cora_run22t43xjd_GAT,24.69,30.36,63.63,80.08,93.01,96.84,36.18,24.69,43.96,63.63,80.08,93.01,96.86,93.61,95.88,82.25,128,256,4,0.1,0,5,0.015,64,0.1,64,40,7,50
cora_runxmols1f1_GAT,24.69,30.36,63.63,80.08,93.01,96.84,36.18,24.69,43.96,63.63,80.08,93.01,96.86,93.61,95.88,82.25,128,256,4,0.1,0,5,0.015,64,0.1,64,40,8,50
cora_rundwpc55xa_GAT,24.69,30.36,63.63,80.08,93.01,96.84,36.18,24.69,43.96,63.63,80.08,93.01,96.86,93.61,95.88,82.25,128,256,4,0.1,0,5,0.015,64,0.1,128,5,6,50
cora_runhjak0cmf_GAT,24.69,30.36,63.63,80.08,93.01,96.84,36.18,24.69,43.96,63.63,80.08,93.01,96.86,93.61,95.88,82.25,128,256,4,0.1,0,5,0.015,64,0.1,128,5,7,50
cora_runzmqa23ph_GAT,24.69,30.36,63.63,80.08,93.01,96.84,36.18,24.69,43.96,63.63,80.08,93.01,96.86,93.61,95.88,82.25,128,256,4,0.1,0,5,0.015,64,0.1,128,5,8,50
cora_run5s1voufm_GAT,24.69,30.36,63.63,80.08,93.01,96.84,36.18,24.69,43.96,63.63,80.08,93.01,96.86,93.61,95.88,82.25,128,256,4,0.1,0,5,0.015,64,0.1,128,10,6,50
cora_runhcfrj4tt_GAT,24.69,30.36,63.63,80.08,93.01,96.84,36.18,24.69,43.96,63.63,80.08,93.01,96.86,93.61,95.88,82.25,128,256,4,0.1,0,5,0.015,64,0.1,128,10,7,50
cora_runhaegbqd3_GAT,24.69,30.36,63.63,80.08,93.01,96.84,36.18,24.69,43.96,63.63,80.08,93.01,96.86,93.61,95.88,82.25,128,256,4,0.1,0,5,0.015,64,0.1,128,10,8,50
cora_run5b5zdg6p_GAT,24.69,30.36,63.63,80.08,93.01,96.84,36.18,24.69,43.96,63.63,80.08,93.01,96.86,93.61,95.88,82.25,128,256,4,0.1,0,5,0.015,64,0.1,128,20,6,50
cora_runpgmgbqjm_GAT,24.69,30.36,63.63,80.08,93.01,96.84,36.18,24.69,43.96,63.63,80.08,93.01,96.86,93.61,95.88,82.25,128,256,4,0.1,0,5,0.015,64,0.1,128,20,7,50
cora_run1ztmpnr7_GAT,24.69,30.36,63.63,80.08,93.01,96.84,36.18,24.69,43.96,63.63,80.08,93.01,96.86,93.61,95.88,82.25,128,256,4,0.1,0,5,0.015,64,0.1,128,20,8,50
cora_runaddedoj5_GAT,24.69,30.36,63.63,80.08,93.01,96.84,36.18,24.69,43.96,63.63,80.08,93.01,96.86,93.61,95.88,82.25,128,256,4,0.1,0,5,0.015,64,0.1,128,30,6,50
cora_runc2n4deux_GAT,24.69,30.36,63.63,80.08,93.01,96.84,36.18,24.69,43.96,63.63,80.08,93.01,96.86,93.61,95.88,82.25,128,256,4,0.1,0,5,0.015,64,0.1,128,30,7,50
cora_runac5fbh1o_GAT,24.69,30.36,63.63,80.08,93.01,96.84,36.18,24.69,43.96,63.63,80.08,93.01,96.86,93.61,95.88,82.25,128,256,4,0.1,0,5,0.015,64,0.1,128,30,8,50
cora_runhaknjt9i_GAT,24.69,30.36,63.63,80.08,93.01,96.84,36.18,24.69,43.96,63.63,80.08,93.01,96.86,93.61,95.88,82.25,128,256,4,0.1,0,5,0.015,64,0.1,128,40,6,50
cora_runl40rf7ym_GAT,24.69,30.36,63.63,80.08,93.01,96.84,36.18,24.69,43.96,63.63,80.08,93.01,96.86,93.61,95.88,82.25,128,256,4,0.1,0,5,0.015,64,0.1,128,40,7,50
cora_runr9z532iz_GAT,24.69,30.36,63.63,80.08,93.01,96.84,36.18,24.69,43.96,63.63,80.08,93.01,96.86,93.61,95.88,82.25,128,256,4,0.1,0,5,0.015,64,0.1,128,40,8,50
cora_runfcuehod2_GAT,24.69,30.36,63.63,80.08,93.01,96.84,36.18,24.69,43.96,63.63,80.08,93.01,96.86,93.61,95.88,82.25,128,256,4,0.1,0,5,0.015,64,0.01,64,20,6,50
cora_run1l8mglzc_GAT,24.69,30.36,63.63,80.08,93.01,96.84,36.18,24.69,43.96,63.63,80.08,93.01,96.86,93.61,95.88,82.25,128,256,4,0.1,0,5,0.015,64,0.01,64,20,7,50
cora_run374pdlm6_GAT,24.69,30.36,63.63,80.08,93.01,96.84,36.18,24.69,43.96,63.63,80.08,93.01,96.86,93.61,95.88,82.25,128,256,4,0.1,0,5,0.015,64,0.01,64,20,8,50
cora_runkpdx3eel_GAT,24.69,30.36,63.63,80.08,93.01,96.84,36.18,24.69,43.96,63.63,80.08,93.01,96.86,93.61,95.88,82.25,128,256,4,0.1,0,5,0.015,64,0.01,64,30,6,50
cora_runpgx3087r_GAT,24.69,30.36,63.63,80.08,93.01,96.84,36.18,24.69,43.96,63.63,80.08,93.01,96.86,93.61,95.88,82.25,128,256,4,0.1,0,5,0.015,64,0.01,64,30,7,50
cora_run093l1ei8_GAT,24.69,30.36,63.63,80.08,93.01,96.84,36.18,24.69,43.96,63.63,80.08,93.01,96.86,93.61,95.88,82.25,128,256,4,0.1,0,5,0.015,64,0.01,64,30,8,50
cora_runojv3uk1j_GAT,24.69,30.36,63.63,80.08,93.01,96.84,36.18,24.69,43.96,63.63,80.08,93.01,96.86,93.61,95.88,82.25,128,256,4,0.1,0,5,0.015,64,0.01,64,40,6,50
cora_runnlvv3xk3_GAT,24.69,30.36,63.63,80.08,93.01,96.84,36.18,24.69,43.96,63.63,80.08,93.01,96.86,93.61,95.88,82.25,128,256,4,0.1,0,5,0.015,64,0.01,64,40,7,50
cora_run4ph51m93_GAT,24.69,30.36,63.63,80.08,93.01,96.84,36.18,24.69,43.96,63.63,80.08,93.01,96.86,93.61,95.88,82.25,128,256,4,0.1,0,5,0.015,64,0.01,64,40,8,50
cora_runtba14gl9_GAT,24.69,30.36,63.63,80.08,93.01,96.84,36.18,24.69,43.96,63.63,80.08,93.01,96.86,93.61,95.88,82.25,128,256,4,0.1,0,5,0.015,64,0.01,128,5,6,50
cora_runbh5gshqu_GAT,24.69,30.36,63.63,80.08,93.01,96.84,36.18,24.69,43.96,63.63,80.08,93.01,96.86,93.61,95.88,82.25,128,256,4,0.1,0,5,0.015,64,0.01,128,5,7,50
cora_runc2rai3rx_GAT,24.69,30.36,63.63,80.08,93.01,96.84,36.18,24.69,43.96,63.63,80.08,93.01,96.86,93.61,95.88,82.25,128,256,4,0.1,0,5,0.015,64,0.01,128,5,8,50
cora_run4yx8z5e5_GAT,24.69,30.36,63.63,80.08,93.01,96.84,36.18,24.69,43.96,63.63,80.08,93.01,96.86,93.61,95.88,82.25,128,256,4,0.1,0,5,0.015,64,0.01,128,10,6,50
cora_runour789xa_GAT,24.69,30.36,63.63,80.08,93.01,96.84,36.18,24.69,43.96,63.63,80.08,93.01,96.86,93.61,95.88,82.25,128,256,4,0.1,0,5,0.015,64,0.01,128,10,7,50
cora_rung8mu0q3r_GAT,24.69,30.36,63.63,80.08,93.01,96.84,36.18,24.69,43.96,63.63,80.08,93.01,96.86,93.61,95.88,82.25,128,256,4,0.1,0,5,0.015,64,0.01,128,10,8,50
cora_run6qg2mckv_GAT,24.69,30.36,63.63,80.08,93.01,96.84,36.18,24.69,43.96,63.63,80.08,93.01,96.86,93.61,95.88,82.25,128,256,4,0.1,0,5,0.015,64,0.01,128,20,6,50
cora_run2navtw2r_GAT,24.69,30.36,63.63,80.08,93.01,96.84,36.18,24.69,43.96,63.63,80.08,93.01,96.86,93.61,95.88,82.25,128,256,4,0.1,0,5,0.015,64,0.01,128,20,7,50
cora_runpbk2g119_GAT,24.69,30.36,63.63,80.08,93.01,96.84,36.18,24.69,43.96,63.63,80.08,93.01,96.86,93.61,95.88,82.25,128,256,4,0.1,0,5,0.015,64,0.01,128,20,8,50
cora_run7w8q17k3_GAT,24.69,30.36,63.63,80.08,93.01,96.84,36.18,24.69,43.96,63.63,80.08,93.01,96.86,93.61,95.88,82.25,128,256,4,0.1,0,5,0.015,64,0.01,128,30,6,50
cora_runaqodxfue_GAT,24.69,30.36,63.63,80.08,93.01,96.84,36.18,24.69,43.96,63.63,80.08,93.01,96.86,93.61,95.88,82.25,128,256,4,0.1,0,5,0.015,64,0.01,128,30,7,50
cora_runai86z4nj_GAT,24.69,30.36,63.63,80.08,93.01,96.84,36.18,24.69,43.96,63.63,80.08,93.01,96.86,93.61,95.88,82.25,128,256,4,0.1,0,5,0.015,64,0.01,128,30,8,50
cora_run0lcij0cz_GAT,24.69,30.36,63.63,80.08,93.01,96.84,36.18,24.69,43.96,63.63,80.08,93.01,96.86,93.61,95.88,82.25,128,256,4,0.1,0,5,0.015,64,0.01,128,40,6,50
cora_rungehiqh9l_GAT,24.69,30.36,63.63,80.08,93.01,96.84,36.18,24.69,43.96,63.63,80.08,93.01,96.86,93.61,95.88,82.25,128,256,4,0.1,0,5,0.015,64,0.01,128,40,7,50
cora_rune18fdu7m_GAT,24.69,30.36,63.63,80.08,93.01,96.84,36.18,24.69,43.96,63.63,80.08,93.01,96.86,93.61,95.88,82.25,128,256,4,0.1,0,5,0.015,64,0.01,128,40,8,50
cora_runbs29yomm_GAT,24.69,42.51,68.69,79.82,92.82,96.82,38.57,24.69,42.51,68.69,79.82,92.82,96.85,93.5,95.72,82.25,128,256,4,0.1,0,5,0.015,128,0.1,32,5,6,50
cora_rungfonqn1n_GAT,24.69,42.51,68.69,79.82,92.82,96.82,38.57,24.69,42.51,68.69,79.82,92.82,96.85,92.76,95.72,82.25,128,256,4,0.1,0,5,0.015,128,0.1,32,5,7,50
cora_runvpzcfjpr_GAT,24.69,42.51,68.69,79.82,92.82,96.82,38.57,24.69,42.51,68.69,79.82,92.82,96.85,92.76,95.72,82.25,128,256,4,0.1,0,5,0.015,128,0.1,32,5,8,50
cora_runyawfp3od_GAT,24.69,42.51,68.69,79.82,92.82,96.82,38.57,24.69,40.14,68.69,79.82,92.82,96.85,92.76,95.72,82.25,128,256,4,0.1,0,5,0.015,128,0.1,32,10,6,50
cora_runudragd6e_GAT,24.69,42.51,68.69,79.82,92.82,96.82,38.57,24.69,40.14,68.69,79.82,92.82,96.85,92.76,95.72,82.25,128,256,4,0.1,0,5,0.015,128,0.1,32,10,7,50
cora_run73xsufni_GAT,24.69,42.51,68.69,79.82,92.82,96.82,38.57,24.69,40.14,68.69,79.82,92.82,96.85,92.76,95.72,82.25,128,256,4,0.1,0,5,0.015,128,0.1,32,10,8,50
cora_runmgp0l2jo_GAT,24.69,42.51,68.69,79.82,92.82,96.82,38.57,24.69,40.14,68.69,79.82,92.82,96.85,92.76,95.72,82.25,128,256,4,0.1,0,5,0.015,128,0.1,32,20,6,50
cora_run2ocoyph8_GAT,24.69,42.51,68.69,79.82,92.82,96.82,38.57,24.69,40.14,68.69,79.82,92.82,96.85,92.76,95.72,82.25,128,256,4,0.1,0,5,0.015,128,0.1,32,20,7,50
cora_runjf4xtyad_GAT,24.69,42.51,68.69,79.82,92.82,96.82,38.57,24.69,40.14,68.69,79.82,92.82,96.85,92.76,95.72,82.25,128,256,4,0.1,0,5,0.015,128,0.1,32,20,8,50
cora_run98x9ghfq_GAT,24.69,42.51,68.69,79.82,92.82,96.82,38.57,24.69,40.14,68.69,79.82,92.82,96.85,92.76,95.72,82.25,128,256,4,0.1,0,5,0.015,128,0.1,32,30,6,50
cora_run8iukzeu4_GAT,24.69,42.51,68.69,79.82,92.82,96.82,38.57,24.69,40.14,68.69,79.82,92.82,96.85,92.76,95.72,82.25,128,256,4,0.1,0,5,0.015,128,0.1,32,30,7,50
cora_runeyg9jmm5_GAT,24.69,42.51,68.69,79.82,92.82,96.82,38.57,24.69,40.14,68.69,79.82,92.82,96.85,92.76,95.72,82.25,128,256,4,0.1,0,5,0.015,128,0.1,32,30,8,50
cora_rung0obt5kd_GAT,24.69,42.51,68.69,79.82,92.82,96.82,38.57,24.69,40.14,68.69,79.82,92.82,96.85,92.76,95.72,82.25,128,256,4,0.1,0,5,0.015,128,0.1,32,40,6,50
cora_run8dthelaz_GAT,24.69,42.51,68.69,79.82,92.82,96.82,38.57,24.69,40.14,68.69,79.82,92.82,96.85,92.76,95.72,82.25,128,256,4,0.1,0,5,0.015,128,0.1,32,40,7,50
cora_runrqr2k8d7_GAT,24.69,42.51,68.69,79.82,92.82,96.82,38.57,24.69,40.14,68.69,79.82,92.82,96.85,92.76,95.72,82.25,128,256,4,0.1,0,5,0.015,128,0.1,32,40,8,50
cora_runuhrvryhc_GAT,24.69,42.51,68.69,79.82,92.82,96.82,38.57,24.69,40.14,68.69,79.82,92.82,96.85,92.76,95.72,82.25,128,256,4,0.1,0,5,0.015,128,0.1,64,5,6,50
cora_run8oftnacr_GAT,24.69,42.51,68.69,79.82,92.82,96.82,38.57,24.69,40.14,68.69,79.82,92.82,96.85,92.76,95.72,82.25,128,256,4,0.1,0,5,0.015,128,0.1,64,5,7,50
cora_runcqeqcfjh_GAT,24.69,42.51,68.69,79.82,92.82,96.82,38.57,24.69,40.14,68.69,79.82,92.82,96.85,92.76,95.72,82.25,128,256,4,0.1,0,5,0.015,128,0.1,64,5,8,50
cora_runari944ww_GAT,24.69,42.51,68.69,79.82,92.82,96.82,38.57,24.69,40.14,68.69,79.82,92.82,96.85,92.76,95.72,82.25,128,256,4,0.1,0,5,0.015,128,0.1,64,10,6,50
cora_run85dsz8be_GAT,24.69,42.51,68.69,79.82,92.82,96.82,38.57,24.69,40.14,68.69,79.82,92.82,96.85,92.76,95.72,82.25,128,256,4,0.1,0,5,0.015,128,0.1,64,10,7,50
cora_run4bdpqx6u_GAT,24.69,42.51,68.69,79.82,92.82,96.82,38.57,24.69,40.14,68.69,79.82,92.82,96.85,92.76,95.72,82.25,128,256,4,0.1,0,5,0.015,128,0.1,64,10,8,50
cora_run7z3afa7p_GAT,24.69,42.51,68.69,79.82,92.82,96.82,38.57,24.69,40.14,68.69,79.82,92.82,96.85,92.76,95.72,82.25,128,256,4,0.1,0,5,0.015,128,0.1,64,20,6,50
cora_runlf6fxx4g_GAT,24.69,42.51,68.69,79.82,92.82,96.82,38.57,24.69,40.14,68.69,79.82,92.82,96.85,92.76,95.72,82.25,128,256,4,0.1,0,5,0.015,128,0.1,64,20,7,50
cora_runov7abrwe_GAT,24.69,42.51,68.69,79.82,92.82,96.82,38.57,24.69,40.14,68.69,79.82,92.82,96.85,92.76,95.72,82.25,128,256,4,0.1,0,5,0.015,128,0.1,64,20,8,50
cora_runrqtf2jai_GAT,24.69,42.51,68.69,79.82,92.82,96.82,38.57,24.69,40.14,68.69,79.82,92.82,96.85,92.76,95.72,82.25,128,256,4,0.1,0,5,0.015,128,0.1,64,30,6,50
cora_runrqecagj4_GAT,24.69,42.51,68.69,79.82,92.82,96.82,38.57,24.69,40.14,68.69,79.82,92.82,96.85,92.76,95.72,82.25,128,256,4,0.1,0,5,0.015,128,0.1,64,30,7,50
cora_runypw0kw2l_GAT,24.69,42.51,68.69,79.82,92.82,96.82,38.57,24.69,40.14,68.69,79.82,92.82,96.85,92.76,95.72,82.25,128,256,4,0.1,0,5,0.015,128,0.1,64,30,8,50
cora_runiqew8r58_GAT,24.69,42.51,68.69,79.82,92.82,96.82,38.57,24.69,40.14,68.69,79.82,92.82,96.85,92.76,95.72,82.25,128,256,4,0.1,0,5,0.015,128,0.1,64,40,6,50
cora_run3lcalrof_GAT,24.69,42.51,68.69,79.82,92.82,96.82,38.57,24.69,40.14,68.69,79.82,92.82,96.85,92.76,95.72,82.25,128,256,4,0.1,0,5,0.015,128,0.1,64,40,7,50
cora_rund2jrcz99_GAT,24.69,42.51,68.69,79.82,92.82,96.82,38.57,24.69,40.14,68.69,79.82,92.82,96.85,92.76,95.72,82.25,128,256,4,0.1,0,5,0.015,128,0.1,64,40,8,50
cora_runj2vnnm6t_GAT,24.69,42.51,68.69,79.82,92.82,96.82,38.57,24.69,40.14,68.69,79.82,92.82,96.85,92.76,95.72,82.25,128,256,4,0.1,0,5,0.015,128,0.1,128,5,6,50
cora_run2dnps6r4_GAT,24.69,42.51,68.69,79.82,92.82,96.82,38.57,24.69,40.14,68.69,79.82,92.82,96.85,92.76,95.72,82.25,128,256,4,0.1,0,5,0.015,128,0.1,128,5,7,50
cora_runu74d7xib_GAT,24.69,42.51,68.69,79.82,92.82,96.82,38.57,24.69,40.14,68.69,79.82,92.82,96.85,92.76,95.72,82.25,128,256,4,0.1,0,5,0.015,128,0.1,128,5,8,50
cora_runx1zgtp2k_GAT,24.69,42.51,68.69,79.82,92.82,96.82,38.57,24.69,40.14,68.69,79.82,92.82,96.85,92.76,95.72,82.25,128,256,4,0.1,0,5,0.015,128,0.1,128,10,6,50
cora_run7jj9v65e_GAT,24.69,42.51,68.69,79.82,92.82,96.82,38.57,24.69,40.14,68.69,79.82,92.82,96.85,92.76,95.72,82.25,128,256,4,0.1,0,5,0.015,128,0.1,128,10,7,50
cora_run7tguqudz_GAT,24.69,42.51,68.69,79.82,92.82,96.82,38.57,24.69,40.14,68.69,79.82,92.82,96.85,92.76,95.72,82.25,128,256,4,0.1,0,5,0.015,128,0.1,128,10,8,50
cora_runtva4cj4r_GAT,24.69,42.51,68.69,79.82,92.82,96.82,38.57,24.69,40.14,68.69,79.82,92.82,96.85,92.76,95.72,82.25,128,256,4,0.1,0,5,0.015,128,0.1,128,20,6,50
cora_runzcbtd02f_GAT,24.69,42.51,68.69,79.82,92.82,96.82,38.57,24.69,40.14,68.69,79.82,92.82,96.85,92.76,95.72,82.25,128,256,4,0.1,0,5,0.015,128,0.1,128,20,7,50
cora_run2qjvvd1o_GAT,24.69,42.51,68.69,79.82,92.82,96.82,38.57,24.69,40.14,68.69,79.82,92.82,96.85,92.76,95.72,82.25,128,256,4,0.1,0,5,0.015,128,0.1,128,20,8,50
cora_runyojm99s2_GAT,24.69,42.51,68.69,79.82,92.82,96.82,38.57,24.69,40.14,68.69,79.82,92.82,96.85,92.76,95.72,82.25,128,256,4,0.1,0,5,0.015,128,0.1,128,30,6,50
cora_runrpgrm4ga_GAT,24.69,42.51,68.69,79.82,92.82,96.82,38.57,24.69,40.14,68.69,79.82,92.82,96.85,92.76,95.72,82.25,128,256,4,0.1,0,5,0.015,128,0.1,128,30,7,50
cora_runueer932c_GAT,24.69,42.51,68.69,79.82,92.82,96.82,38.57,24.69,40.14,68.69,79.82,92.82,96.85,92.76,95.72,82.25,128,256,4,0.1,0,5,0.015,128,0.1,128,30,8,50
cora_run9nkq7yl8_GAT,24.69,42.51,68.69,79.82,92.82,96.82,38.57,24.69,40.14,68.69,79.82,92.82,96.85,92.76,95.72,82.25,128,256,4,0.1,0,5,0.015,128,0.1,128,40,6,50
cora_runvz0e6hoj_GAT,24.69,42.51,68.69,79.82,92.82,96.82,38.57,24.69,40.14,68.69,79.82,92.82,96.85,92.76,95.72,82.25,128,256,4,0.1,0,5,0.015,128,0.1,128,40,7,50
cora_rund6fkqa1i_GAT,24.69,42.51,68.69,79.82,92.82,96.82,38.57,24.69,40.14,68.69,79.82,92.82,96.85,92.76,95.72,82.25,128,256,4,0.1,0,5,0.015,128,0.1,128,40,8,50
cora_run0blzos62_GAT,24.69,42.51,68.69,79.82,92.82,96.82,38.57,24.69,40.14,68.69,79.82,92.82,96.85,92.76,95.72,82.25,128,256,4,0.1,0,5,0.015,128,0.01,64,20,6,50
cora_runxuzfbrpc_GAT,24.69,42.51,68.69,79.82,92.82,96.82,38.57,24.69,40.14,68.69,79.82,92.82,96.85,92.76,95.72,82.25,128,256,4,0.1,0,5,0.015,128,0.01,64,20,7,50
cora_runx6uzqk40_GAT,24.69,42.51,68.69,79.82,92.82,96.82,38.57,24.69,40.14,68.69,79.82,92.82,96.85,92.76,95.72,82.25,128,256,4,0.1,0,5,0.015,128,0.01,64,20,8,50
cora_runctexkg2o_GAT,24.69,42.51,68.69,79.82,92.82,96.82,38.57,24.69,40.14,68.69,79.82,92.82,96.85,92.76,95.72,82.25,128,256,4,0.1,0,5,0.015,128,0.01,64,30,6,50
cora_runm0j7eubk_GAT,24.69,42.51,68.69,79.82,92.82,96.82,38.57,24.69,40.14,68.69,79.82,92.82,96.85,92.76,95.72,82.25,128,256,4,0.1,0,5,0.015,128,0.01,64,30,7,50
cora_runfqnd0x1j_GAT,24.69,42.51,68.69,79.82,92.82,96.82,38.57,24.69,40.14,68.69,79.82,92.82,96.85,92.76,95.72,82.25,128,256,4,0.1,0,5,0.015,128,0.01,64,30,8,50
cora_run0lv01906_GAT,24.69,42.51,68.69,79.82,92.82,96.82,38.57,24.69,40.14,68.69,79.82,92.82,96.85,92.76,95.72,82.25,128,256,4,0.1,0,5,0.015,128,0.01,64,40,6,50
cora_runcwl9p4sr_GAT,24.69,42.51,68.69,79.82,92.82,96.82,38.57,24.69,40.14,68.69,79.82,92.82,96.85,92.76,95.72,82.25,128,256,4,0.1,0,5,0.015,128,0.01,64,40,7,50
cora_runzi1xw7ga_GAT,24.69,42.51,68.69,79.82,92.82,96.82,38.57,24.69,40.14,68.69,79.82,92.82,96.85,92.76,95.72,82.25,128,256,4,0.1,0,5,0.015,128,0.01,64,40,8,50
cora_run7tfobff5_GAT,24.69,42.51,68.69,79.82,92.82,96.82,38.57,24.69,40.14,68.69,79.82,92.82,96.85,92.76,95.72,82.25,128,256,4,0.1,0,5,0.015,128,0.01,128,5,6,50
cora_run7umveb9q_GAT,24.69,42.51,68.69,79.82,92.82,96.82,38.57,24.69,40.14,68.69,79.82,92.82,96.85,92.76,95.72,82.25,128,256,4,0.1,0,5,0.015,128,0.01,128,5,7,50
cora_runnkjgg4g8_GAT,24.69,42.51,68.69,79.82,92.82,96.82,38.57,24.69,40.14,68.69,79.82,92.82,96.85,92.76,95.72,82.25,128,256,4,0.1,0,5,0.015,128,0.01,128,5,8,50
cora_runeadlyzy2_GAT,24.69,42.51,68.69,79.82,92.82,96.82,38.57,24.69,40.14,68.69,79.82,92.82,96.85,92.76,95.72,82.25,128,256,4,0.1,0,5,0.015,128,0.01,128,10,6,50
cora_runaz7noa6b_GAT,24.69,42.51,68.69,79.82,92.82,96.82,38.57,24.69,40.14,68.69,79.82,92.82,96.85,92.76,95.72,82.25,128,256,4,0.1,0,5,0.015,128,0.01,128,10,7,50
cora_run4jhwmmry_GAT,24.69,42.51,68.69,79.82,92.82,96.82,38.57,24.69,40.14,68.69,79.82,92.82,96.85,92.76,95.72,82.25,128,256,4,0.1,0,5,0.015,128,0.01,128,10,8,50
cora_runpx82fwu9_GAT,24.69,42.51,68.69,79.82,92.82,96.82,38.57,24.69,40.14,68.69,79.82,92.82,96.85,92.76,95.72,82.25,128,256,4,0.1,0,5,0.015,128,0.01,128,20,6,50
cora_runcgjfh84r_GAT,24.69,42.51,68.69,79.82,92.82,96.82,38.57,24.69,40.14,68.69,79.82,92.82,96.85,92.76,95.72,82.25,128,256,4,0.1,0,5,0.015,128,0.01,128,20,7,50
cora_runv2ejanvu_GAT,24.69,42.51,68.69,79.82,92.82,96.82,38.57,24.69,40.14,68.69,79.82,92.82,96.85,92.76,95.72,82.25,128,256,4,0.1,0,5,0.015,128,0.01,128,20,8,50
cora_runzg99g65g_GAT,24.69,42.51,68.69,79.82,92.82,96.82,38.57,24.69,40.14,68.69,79.82,92.82,96.85,92.76,95.72,82.25,128,256,4,0.1,0,5,0.015,128,0.01,128,30,6,50
cora_runl913a486_GAT,24.69,42.51,68.69,79.82,92.82,96.82,38.57,24.69,40.14,68.69,79.82,92.82,96.85,92.76,95.72,82.25,128,256,4,0.1,0,5,0.015,128,0.01,128,30,7,50
cora_runea9huspx_GAT,24.69,42.51,68.69,79.82,92.82,96.82,38.57,24.69,40.14,68.69,79.82,92.82,96.85,92.76,95.72,82.25,128,256,4,0.1,0,5,0.015,128,0.01,128,30,8,50
cora_rundsaq9tl9_GAT,24.69,42.51,68.69,79.82,92.82,96.82,38.57,24.69,40.14,68.69,79.82,92.82,96.85,92.76,95.72,82.25,128,256,4,0.1,0,5,0.015,128,0.01,128,40,6,50
cora_runephkxb08_GAT,24.69,42.51,68.69,79.82,92.82,96.82,38.57,24.69,40.14,68.69,79.82,92.82,96.85,92.76,95.72,82.25,128,256,4,0.1,0,5,0.015,128,0.01,128,40,7,50
cora_runv249a0lc_GAT,24.69,42.51,68.69,79.82,92.82,96.82,38.57,24.69,40.14,68.69,79.82,92.82,96.85,92.76,95.72,82.25,128,256,4,0.1,0,5,0.015,128,0.01,128,40,8,50
cora_runiytd4snx_GAT,24.69,42.51,68.69,79.82,92.82,96.82,38.57,24.69,40.14,68.69,79.82,92.82,96.85,92.76,95.72,82.25,128,256,4,0.1,0,6,0.015,32,0.01,64,20,6,50
cora_runrwtyt1vq_GAT,24.69,42.51,68.69,79.82,92.82,96.82,38.57,24.69,40.14,68.69,79.82,92.82,96.85,92.76,95.72,82.25,128,256,4,0.1,0,6,0.015,32,0.01,64,20,7,50
cora_runzfp9cv9v_GAT,24.69,42.51,68.69,79.82,92.82,96.82,38.57,24.69,40.14,68.69,79.82,92.82,96.85,92.76,95.72,82.25,128,256,4,0.1,0,6,0.015,32,0.01,64,20,8,50
cora_runnxyzwm7k_GAT,24.69,42.51,68.69,79.82,92.82,96.82,38.57,24.69,40.14,68.69,79.82,92.82,96.85,92.76,95.72,82.25,128,256,4,0.1,0,6,0.015,32,0.01,64,30,6,50
cora_runuegmzjqt_GAT,24.69,42.51,68.69,79.82,92.82,96.82,38.57,24.69,40.14,68.69,79.82,92.82,96.85,92.76,95.72,82.25,128,256,4,0.1,0,6,0.015,32,0.01,64,30,7,50
cora_runuodsra93_GAT,24.69,42.51,68.69,79.82,92.82,96.82,38.57,24.69,40.14,68.69,79.82,92.82,96.85,92.76,95.72,82.25,128,256,4,0.1,0,6,0.015,32,0.01,64,30,8,50
cora_run7qeylfp1_GAT,28.2,47.23,67.91,78.43,92.5,96.21,40.97,28.2,47.23,69.48,78.43,92.5,96.21,92.9,95.27,78.14,128,256,4,0.1,0,5,0.015,32,0.1,32,5,6,20
cora_runq4ofed5f_GAT,28.2,47.23,66.32,78.43,92.5,96.21,40.97,28.2,40.14,64.24,78.43,92.5,96.21,93.33,95.27,78.96,128,256,4,0.1,0,5,0.015,32,0.1,32,5,7,20
cora_rung7rukfmv_GAT,28.2,47.23,66.32,78.43,92.5,96.21,40.97,28.2,48.87,64.24,78.43,92.5,96.21,93.94,95.27,78.96,128,256,4,0.1,0,5,0.015,32,0.1,32,5,8,20
cora_runs2mb1qod_GAT,28.2,47.23,66.32,78.43,92.5,96.21,40.97,28.2,35.89,64.31,78.43,92.5,96.21,93.94,95.27,78.96,128,256,4,0.1,0,5,0.015,32,0.1,32,10,6,20
Best,35.55,47.23,68.69,80.08,93.01,96.88,42.41,35.55,48.87,69.48,80.08,93.01,96.88,94.02,95.88,82.25,128,256,4,0.1,0,6,0.015,128,0.1,128,40,8,50
